,id,company_rating,company_location,total_fleet_count,iata_approved
0,3888,100%,Isle of Man,1.0,f
1,46728,100%,,1.0,f
2,34618,38%,Isle of Man,1.0,f
5,16813,100%,Kiribati,2.0,f
7,33237,,Nicaragua,1.0,f
8,30052,100%,Turkmenistan,1.0,f
9,43711,100%,Rwanda,1.0,f
13,28484,33%,Sao Tome and Principe,1.0,t
15,19811,90%,Nicaragua,21.0,t
22,38865,100%,,2.0,t
31,9830,100%,Barbados,3.0,t
32,18007,,Russian Federation,1.0,f
36,16042,0%,Rwanda,2.0,f
40,37247,100%,Tanzania,3.0,f
42,37293,92%,Russian Federation,15.0,f
44,14918,100%,Jersey,1.0,f
45,38552,100%,Montserrat,1.0,f
49,41510,100%,Gambia,1.0,f
51,26524,100%,Guinea,2.0,t
52,46308,100%,,1.0,f
58,18953,100%,Chile,1.0,f
60,4149,,Russian Federation,1.0,f
65,43870,100%,,1.0,f
70,40770,100%,Tonga,2.0,f
75,30020,,,1.0,f
80,2904,,Canada,1.0,f
83,44781,90%,,1.0,f
86,43897,100%,,1.0,f
87,4348,,,1.0,f
91,46270,,Niue,1.0,t
100,9703,,,1.0,f
101,17908,100%,Mexico,2.0,f
102,2732,100%,Turkmenistan,4.0,f
103,14496,,Isle of Man,1.0,t
108,11023,,,1.0,f
113,1577,100%,Peru,8.0,t
117,24954,60%,Christmas Island,2.0,f
120,14812,100%,,1.0,t
122,14790,,Niger,1.0,f
132,39998,100%,Micronesia,4.0,t
134,44637,,El Salvador,1.0,t
142,27729,,Afghanistan,4.0,f
144,45083,100%,,1.0,f
145,7309,100%,Togo,4.0,f
147,33683,33%,Somalia,2.0,f
148,7056,100%,,2.0,t
154,15370,,El Salvador,1.0,f
155,49953,100%,Niger,1.0,f
159,48162,100%,Marshall Islands,1.0,f
161,17702,,Lebanon,1.0,f
162,29745,90%,Andorra,1.0,f
165,34381,83%,Sao Tome and Principe,1.0,f
167,22271,,Nicaragua,2.0,f
168,38299,100%,Gambia,1.0,f
171,42646,33%,Rwanda,4.0,f
179,48188,100%,,1.0,f
181,33043,,Niue,2.0,f
185,10364,100%,Slovakia (Slovak Republic),14.0,f
186,27226,100%,Congo,10.0,f
187,55,100%,Kiribati,2.0,f
188,44796,100%,Maldives,2.0,t
191,30130,100%,Togo,1.0,f
192,26794,100%,Lithuania,1.0,f
193,17051,100%,Micronesia,1.0,f
200,35323,89%,,1.0,f
201,2721,100%,,1.0,t
214,18366,78%,,1.0,f
217,47159,88%,Denmark,1.0,t
220,6984,100%,Suriname,9.0,f
224,28030,90%,Anguilla,1.0,f
226,11904,100%,Nauru,1.0,f
227,7842,100%,,1.0,f
228,46676,,Lebanon,1.0,t
233,21217,75%,Nauru,1.0,f
236,39070,100%,,1.0,f
239,46591,,French Guiana,1.0,f
241,49604,,Afghanistan,2.0,t
242,44127,100%,Rwanda,1.0,t
245,37835,100%,,1.0,t
254,31437,90%,Denmark,1.0,f
258,39923,100%,Russian Federation,2.0,f
267,41024,95%,Uzbekistan,2.0,f
270,45171,100%,Kiribati,1.0,t
273,34860,50%,,1.0,f
275,14872,,China,1.0,t
278,24060,100%,Malta,1.0,t
280,16649,100%,Gibraltar,8.0,f
281,8956,100%,Kiribati,1.0,f
287,7656,100%,Russian Federation,1.0,f
288,1923,,,1.0,f
294,42307,,,1.0,f
305,29614,100%,San Marino,1.0,f
313,24405,90%,,1.0,f
314,26957,100%,Uzbekistan,1.0,f
317,11298,,Zimbabwe,1.0,f
318,21816,,Russian Federation,1.0,f
319,16292,83%,Reunion,1.0,f
327,45429,100%,Niue,1.0,f
331,14348,100%,,1.0,f
332,37243,100%,Tunisia,1.0,f
333,18338,88%,Ecuador,1.0,t
335,14575,,,1.0,f
337,13427,100%,Ecuador,1.0,f
338,42080,100%,France,1.0,f
339,12085,,,1.0,f
342,28255,75%,Somalia,1.0,f
343,1677,,,1.0,f
345,8972,100%,,1.0,f
346,14256,100%,,3.0,f
348,27948,100%,Niue,4.0,f
350,5848,80%,Canada,2.0,f
358,46077,100%,,1.0,f
360,9566,,Isle of Man,1.0,t
362,31667,100%,Croatia,1.0,f
366,33330,100%,,1.0,t
367,33895,100%,,1.0,f
368,28745,,,1.0,f
369,21649,100%,,1.0,t
371,33950,100%,Gambia,1.0,t
376,21016,,,1.0,f
377,37331,,Bosnia and Herzegovina,1.0,f
378,1616,100%,Zimbabwe,1.0,t
385,19241,100%,Afghanistan,1.0,t
386,6806,,,1.0,f
389,15985,67%,Somalia,1.0,f
390,32650,100%,,2.0,f
392,39919,90%,Guinea,3.0,t
401,22419,,United Kingdom,1.0,f
403,36766,100%,Malta,1.0,f
404,23055,91%,,2.0,f
407,48698,90%,Vietnam,3.0,f
408,8908,100%,,2.0,f
410,6035,,Afghanistan,1.0,f
411,39878,0%,,1.0,f
416,45199,,Puerto Rico,6.0,f
420,47479,100%,Russian Federation,1.0,t
422,29382,100%,Ghana,4.0,f
425,25308,100%,Guinea,1.0,t
426,15475,100%,Chad,1.0,f
427,15068,100%,Sao Tome and Principe,1.0,f
429,42762,100%,United Kingdom,1.0,f
431,29328,,Moldova,1.0,t
432,14921,100%,Micronesia,2.0,f
434,33948,100%,,2.0,f
435,31185,100%,,1.0,f
436,1328,,Kenya,2.0,f
438,590,,Guinea,2.0,t
440,25445,70%,,2.0,f
443,42513,,Niger,1.0,f
447,41372,,Indonesia,2.0,t
450,46996,100%,Tonga,1.0,f
453,40823,100%,,1.0,f
458,13786,,,1.0,f
459,16550,100%,Isle of Man,1.0,f
460,43252,100%,Uzbekistan,1.0,t
462,7058,100%,Isle of Man,2.0,f
463,25438,100%,,1.0,f
465,36288,100%,Marshall Islands,1.0,f
468,40051,,,1.0,f
472,20619,,,1.0,t
473,16573,100%,Cuba,2.0,f
474,6522,,Lithuania,1.0,f
476,47812,100%,Maldives,1.0,f
479,3314,100%,Slovakia (Slovak Republic),10.0,f
481,17061,100%,Niue,2.0,f
482,21275,100%,Marshall Islands,1.0,f
483,22745,,Indonesia,1.0,f
486,4898,100%,Kiribati,1.0,f
491,43932,100%,,1.0,f
493,7620,100%,Togo,4.0,f
494,14319,,Afghanistan,1.0,f
497,45842,100%,Maldives,1.0,t
503,46763,,China,1.0,t
506,15505,100%,,1.0,f
509,22112,90%,,1.0,f
511,9570,100%,Micronesia,1.0,f
512,26292,100%,Jersey,2.0,t
513,41270,100%,,1.0,f
517,16087,,French Guiana,1.0,f
522,44687,,Russian Federation,1.0,f
523,47302,,Netherlands,2.0,f
524,1200,100%,Russian Federation,2.0,t
527,32276,100%,Kiribati,1.0,f
530,13082,100%,Kiribati,3.0,t
533,42913,,Lebanon,1.0,t
541,29480,100%,French Polynesia,6.0,f
542,26901,100%,,1.0,t
543,32658,85%,Saint Helena,1.0,f
545,5067,,Tonga,1.0,f
546,38160,25%,Nicaragua,1.0,f
554,27289,99%,Reunion,12.0,t
555,23224,100%,,1.0,f
558,35226,50%,,1.0,f
559,37283,100%,Brazil,1.0,t
565,49484,,Russian Federation,1.0,f
570,10697,100%,Uzbekistan,3.0,t
573,37715,,Guinea,1.0,t
575,18966,100%,,2.0,f
576,45281,,,1.0,f
578,24205,100%,,1.0,f
580,27811,100%,Ukraine,4.0,t
581,27966,100%,,1.0,f
582,24646,100%,Barbados,1.0,f
584,44257,,Lebanon,1.0,t
585,11986,,,1.0,f
590,45208,100%,Svalbard & Jan Mayen Islands,1.0,f
593,41675,100%,Zimbabwe,1.0,f
597,31515,,,1.0,f
599,36832,83%,Micronesia,1.0,f
602,4308,100%,Togo,1.0,f
604,18024,100%,Monaco,1.0,f
605,4630,100%,,2.0,f
615,44254,100%,,2.0,t
620,24610,90%,,1.0,f
627,17568,100%,,2.0,f
629,18791,100%,Zimbabwe,8.0,t
631,16173,100%,Rwanda,1.0,f
633,37595,90%,Lithuania,4.0,f
641,2180,0%,Australia,1.0,f
643,4854,100%,Monaco,1.0,f
650,41873,100%,Zimbabwe,2.0,f
656,16507,100%,Nauru,1.0,f
658,25415,100%,Ghana,1.0,f
661,5941,100%,Gambia,2.0,f
669,41296,100%,Svalbard & Jan Mayen Islands,1.0,f
671,40264,100%,Russian Federation,1.0,f
674,28236,,Greenland,1.0,f
676,7244,100%,Guatemala,2.0,t
677,44834,97%,Guernsey,4.0,f
693,5345,100%,,2.0,f
700,20283,100%,Denmark,1.0,f
702,47546,0%,,1.0,f
703,38524,100%,Libyan Arab Jamahiriya,1.0,t
710,39637,100%,Niue,1.0,f
713,6993,100%,Costa Rica,1.0,t
717,48898,,Niue,1.0,f
720,8525,,Sao Tome and Principe,2.0,f
721,10636,100%,Jersey,1.0,f
722,12911,100%,Maldives,1.0,f
723,22231,100%,Guinea,2.0,f
724,3302,,,1.0,f
725,44507,83%,,1.0,f
727,33669,100%,Malta,2.0,t
734,4780,100%,Svalbard & Jan Mayen Islands,1.0,f
735,22364,100%,Denmark,2.0,f
738,45111,100%,Sao Tome and Principe,420.0,f
742,38122,100%,Tonga,1.0,f
743,28667,100%,Barbados,1.0,f
745,34467,100%,Indonesia,1.0,f
747,31352,100%,Pakistan,1.0,f
752,39441,96%,Cuba,4.0,f
755,8355,87%,Togo,16.0,f
756,20114,100%,Croatia,1.0,t
760,8050,,Nicaragua,1.0,f
761,40479,100%,France,1.0,f
762,8831,,,3.0,f
763,41751,100%,,1.0,f
764,5346,100%,,1.0,f
768,12512,,Greenland,1.0,f
771,31839,100%,Mauritania,1.0,f
773,5483,,Guinea,1.0,f
774,32524,100%,Nicaragua,1.0,t
778,27822,100%,Russian Federation,2.0,f
782,15478,80%,,1.0,f
786,15452,90%,Niue,2.0,f
787,29244,67%,Micronesia,1.0,f
788,41477,,,1.0,t
795,21752,90%,Turks and Caicos Islands,1.0,f
796,5970,100%,El Salvador,2.0,f
800,9715,100%,Russian Federation,1.0,t
807,31055,64%,Niue,2.0,f
808,9270,100%,Micronesia,1.0,f
810,6004,90%,Micronesia,4.0,f
811,40951,100%,Turkmenistan,1.0,f
812,44686,,Sao Tome and Principe,1.0,t
814,22471,,Estonia,1.0,t
821,24440,100%,Uruguay,1.0,f
822,36019,100%,Niue,1.0,f
829,30320,100%,Togo,4.0,f
831,48321,100%,China,17.0,f
833,41553,100%,Tonga,2.0,f
835,170,,,1.0,f
838,43903,100%,,1.0,f
841,40484,100%,,1.0,t
842,33635,,Reunion,1.0,f
843,32075,100%,Indonesia,2.0,f
844,46099,98%,Uzbekistan,28.0,f
846,44978,,Philippines,1.0,f
847,38733,100%,,2.0,f
852,49105,100%,Malta,3.0,f
854,14395,100%,Sao Tome and Principe,1.0,t
862,18963,,Anguilla,1.0,f
863,28789,100%,,3.0,t
871,33342,,Nicaragua,1.0,f
872,41738,,Jersey,1.0,f
879,27106,100%,China,1.0,f
888,27363,80%,,3.0,t
890,7264,100%,Philippines,9.0,f
898,8338,75%,Korea,2.0,f
905,10913,,,2.0,t
909,32616,90%,,3.0,f
914,44788,92%,,1.0,f
916,37947,100%,Jersey,1.0,f
920,35947,,,1.0,f
921,46973,100%,Malta,2.0,t
922,20150,100%,Jersey,1.0,f
923,21623,100%,Maldives,1.0,f
926,7927,100%,Chad,1.0,f
927,16040,100%,,1.0,f
929,11653,,Malta,1.0,f
936,46806,100%,Maldives,1.0,f
938,17627,100%,Guinea,2.0,f
939,42081,,Mauritania,1.0,t
940,39233,,,1.0,t
947,47051,100%,Zimbabwe,1.0,t
948,37249,,Malta,1.0,f
949,21571,,Finland,1.0,t
950,22522,100%,France,3.0,t
951,37917,100%,Nauru,1.0,f
952,46953,100%,Niger,1.0,f
953,24252,80%,Tonga,2.0,f
956,48029,100%,Malta,2.0,f
960,27875,100%,Guinea,1.0,f
961,5943,100%,Russian Federation,1.0,f
962,48342,100%,Russian Federation,1.0,f
965,16165,,France,3.0,f
967,3650,100%,Zimbabwe,1.0,t
969,42012,100%,Monaco,3.0,t
973,3680,100%,Indonesia,1.0,f
976,7053,100%,Marshall Islands,2.0,f
979,46357,100%,,1.0,f
980,1132,88%,Tonga,1.0,f
981,43276,100%,,2.0,t
983,24103,100%,United Kingdom,3.0,f
986,13087,100%,Gibraltar,1.0,t
990,31946,,Gambia,1.0,f
991,10253,,,1.0,f
995,45289,0%,Marshall Islands,1.0,f
1000,13678,,,2.0,f
1001,1513,,,3.0,f
1004,45579,100%,Togo,1.0,f
1007,44077,57%,Djibouti,1.0,f
1009,38207,100%,Turks and Caicos Islands,2.0,t
1015,2106,100%,Uzbekistan,1.0,f
1017,1820,100%,El Salvador,2.0,f
1018,36119,62%,Isle of Man,1.0,t
1027,30679,100%,,1.0,f
1031,34749,,Senegal,1.0,f
1032,9693,100%,Vanuatu,8.0,f
1034,4069,100%,Togo,1.0,f
1036,23404,91%,Malta,1.0,f
1039,21353,,Monaco,1.0,t
1040,22233,100%,,3.0,f
1042,13520,100%,,1.0,f
1044,26035,100%,Marshall Islands,1.0,f
1046,13200,,China,2.0,f
1047,28719,100%,Russian Federation,4.0,t
1051,32669,,France,1.0,f
1053,40371,100%,Sao Tome and Principe,1.0,f
1061,10294,100%,Puerto Rico,1.0,f
1066,41485,100%,,1.0,t
1067,40858,100%,France,1.0,f
1069,15766,,,1.0,f
1071,19317,,Russian Federation,1.0,f
1072,46830,100%,,2.0,f
1079,50028,,Lebanon,1.0,t
1085,25729,100%,Cuba,2.0,f
1091,45765,100%,,1.0,f
1094,3241,90%,Sao Tome and Principe,1.0,t
1099,46340,100%,Denmark,3.0,t
1102,1372,,Estonia,1.0,f
1105,8579,100%,Lithuania,2.0,f
1107,15723,100%,Gambia,1.0,f
1108,28704,,Cocos (Keeling) Islands,1.0,t
1112,13163,25%,Svalbard & Jan Mayen Islands,2.0,f
1113,30549,100%,Mauritania,1.0,t
1114,25619,100%,,1.0,f
1117,27095,,Nicaragua,2.0,f
1119,34481,100%,,2.0,f
1120,32398,100%,Turkmenistan,1.0,f
1121,40650,,,8.0,t
1125,35623,,Micronesia,1.0,f
1128,32399,100%,Somalia,1.0,t
1130,42291,,Lebanon,1.0,f
1131,38484,100%,Senegal,2.0,f
1136,44948,100%,Chad,3.0,f
1141,19831,100%,Reunion,2.0,f
1144,31255,,,1.0,t
1146,3596,100%,Marshall Islands,6.0,t
1147,47004,,Venezuela,1.0,f
1155,41986,100%,Congo,1.0,t
1160,39358,100%,Kiribati,2.0,f
1161,44916,100%,Congo,2.0,f
1162,15236,100%,Kenya,1.0,t
1165,1345,67%,Philippines,1.0,f
1169,17757,100%,Uganda,1.0,f
1172,31377,100%,Isle of Man,1.0,f
1181,41719,100%,Cape Verde,4.0,f
1184,49680,,Estonia,1.0,t
1186,17801,80%,Mauritania,2.0,t
1189,42624,,,1.0,f
1190,39865,83%,,1.0,f
1193,27029,100%,Isle of Man,1.0,t
1194,35176,100%,Chile,3.0,t
1200,43570,,Denmark,1.0,f
1205,5232,93%,,2.0,t
1211,49457,,Suriname,1.0,f
1218,24146,100%,Cocos (Keeling) Islands,1.0,f
1219,17587,80%,Peru,1.0,t
1224,37538,,Nicaragua,1.0,f
1225,48863,50%,Isle of Man,1.0,f
1228,17221,,,1.0,t
1229,20511,,Vanuatu,1.0,f
1232,26253,,,1.0,f
1233,43450,,Isle of Man,1.0,f
1234,725,33%,Peru,2.0,f
1236,4716,100%,Tonga,1.0,f
1238,25528,100%,Svalbard & Jan Mayen Islands,1.0,f
1242,35894,100%,,1.0,f
1243,2476,100%,Saint Helena,2.0,t
1246,46688,91%,Vanuatu,2.0,f
1250,23662,100%,Vanuatu,3.0,f
1252,31210,100%,Cape Verde,1.0,t
1255,11880,100%,El Salvador,1.0,f
1257,4851,0%,Chad,1.0,f
1258,28367,100%,Marshall Islands,1.0,f
1259,36726,94%,Mexico,6.0,f
1266,37280,100%,Indonesia,4.0,t
1267,5489,100%,Tonga,1.0,f
1268,32598,,Vietnam,1.0,f
1270,19645,,Maldives,1.0,f
1274,8301,,Guernsey,1.0,f
1275,50078,100%,Chad,2.0,t
1277,49124,,Marshall Islands,3.0,t
1278,31985,,,1.0,f
1281,33051,100%,Libyan Arab Jamahiriya,1.0,f
1282,19784,100%,,1.0,f
1286,26718,100%,Tunisia,1.0,f
1287,20458,,Isle of Man,1.0,f
1288,25776,75%,Micronesia,1.0,f
1292,22004,,Vanuatu,1.0,t
1296,44701,,Chad,1.0,t
1300,23850,88%,,1.0,f
1305,21902,100%,Vanuatu,3.0,f
1316,15715,100%,,1.0,f
1321,36716,100%,Bosnia and Herzegovina,3.0,f
1330,13618,67%,,2.0,f
1334,23695,100%,France,3.0,f
1335,14004,100%,Kiribati,1.0,f
1338,28317,100%,Somalia,1.0,f
1341,46195,89%,Maldives,6.0,t
1348,48421,100%,,4.0,t
1349,15356,80%,Denmark,2.0,f
1351,8341,100%,Costa Rica,2.0,f
1352,118,,,1.0,f
1355,14775,,United Kingdom,1.0,f
1356,31785,,Guinea,1.0,t
1357,5011,,Micronesia,1.0,t
1365,4305,100%,,2.0,f
1367,6779,,Rwanda,1.0,t
1369,11157,100%,,2.0,t
1370,17789,94%,Reunion,6.0,f
1373,43310,100%,Russian Federation,1.0,f
1377,27970,100%,Niue,2.0,t
1379,47406,,,1.0,f
1383,45546,100%,Cape Verde,19.0,t
1384,23276,100%,Brazil,4.0,f
1385,14228,100%,Marshall Islands,2.0,f
1387,39313,,Tonga,1.0,t
1388,30302,,Chad,1.0,f
1389,47478,,,1.0,f
1391,3439,100%,,1.0,f
1399,28115,92%,,1.0,f
1401,40561,90%,Bouvet Island (Bouvetoya),1.0,t
1402,6259,100%,Indonesia,1.0,f
1403,37253,100%,Saint Helena,1.0,t
1406,20597,,,1.0,f
1410,1922,,France,1.0,f
1412,85,100%,Russian Federation,1.0,t
1413,47525,100%,,2.0,t
1415,21632,100%,Wallis and Futuna,2.0,f
1417,24975,0%,,1.0,f
1421,4101,,Croatia,1.0,f
1432,40626,93%,United Kingdom,5.0,t
1434,40934,100%,Brazil,3.0,f
1436,9901,,Tonga,1.0,f
1437,20015,100%,Maldives,1.0,t
1443,11691,100%,,1.0,f
1444,36081,100%,Russian Federation,1.0,f
1447,12609,100%,Micronesia,1.0,t
1448,33372,100%,Guinea,22.0,t
1451,48196,,France,1.0,f
1455,3262,100%,Philippines,1.0,f
1459,11148,0%,,1.0,f
1462,16260,100%,United Kingdom,4.0,t
1463,31273,,Faroe Islands,1.0,t
1464,30324,,Lebanon,1.0,t
1466,38748,43%,Chad,1.0,f
1468,38930,,Russian Federation,1.0,f
1469,48171,100%,,1.0,f
1470,4782,100%,,3.0,t
1474,7460,100%,China,1.0,f
1479,35697,100%,,1.0,f
1482,31293,100%,Uzbekistan,1.0,f
1488,34236,100%,,1.0,f
1493,12195,,Mexico,1.0,f
1495,26782,,Congo,1.0,f
1498,46634,100%,,1.0,t
1500,22635,,,1.0,t
1501,41354,100%,Micronesia,4.0,t
1503,25344,90%,Faroe Islands,8.0,f
1504,36928,,Rwanda,1.0,f
1505,17868,100%,Niue,2.0,f
1506,6270,100%,Monaco,1.0,f
1507,45041,100%,Niue,2.0,f
1510,36689,100%,Turkmenistan,1.0,t
1511,35584,100%,Lebanon,1.0,f
1512,34947,,,1.0,f
1514,921,100%,Finland,1.0,f
1520,42054,100%,Guinea,2.0,f
1522,6430,100%,Niue,2.0,t
1527,38921,100%,Montserrat,1.0,f
1528,23842,,Palestinian Territory,1.0,f
1531,2424,100%,Indonesia,1.0,f
1534,33187,,Lebanon,1.0,t
1536,10204,100%,Nicaragua,5.0,t
1540,9934,100%,,2.0,f
1544,18378,100%,Tonga,1.0,t
1546,28331,100%,,3.0,f
1547,34972,,Greenland,4.0,f
1556,9077,,,1.0,f
1558,10732,,Uganda,5.0,f
1559,2216,100%,,1.0,f
1564,20020,100%,Sao Tome and Principe,2.0,t
1568,47436,,El Salvador,1.0,t
1570,14498,,China,1.0,f
1579,36502,70%,,2.0,f
1584,36788,,,3.0,f
1585,23751,100%,Afghanistan,1.0,f
1598,11002,,Philippines,10.0,f
1599,5679,100%,Maldives,1.0,f
1600,20860,,Togo,1.0,f
1605,49251,100%,Uzbekistan,1.0,f
1608,43362,100%,,1.0,f
1610,35030,,Kenya,1.0,f
1613,41836,100%,Tonga,1.0,f
1616,33286,,Chad,1.0,t
1617,28785,100%,Lebanon,1.0,f
1619,15316,100%,Russian Federation,1.0,t
1623,3691,,Djibouti,1.0,f
1624,1550,100%,El Salvador,1.0,t
1626,12927,100%,Russian Federation,1.0,t
1627,4411,,,1.0,f
1629,3817,0%,,1.0,f
1631,4139,67%,Guernsey,1.0,f
1632,39120,,Malta,1.0,t
1637,26238,100%,Turkmenistan,2.0,t
1640,6292,100%,,1.0,t
1641,43680,38%,Ukraine,1.0,f
1642,36363,82%,Marshall Islands,5.0,f
1645,28953,56%,,2.0,f
1648,23882,100%,,1.0,f
1649,45948,,Gambia,1.0,f
1662,5296,100%,Mauritania,4.0,f
1664,3552,0%,Kiribati,1.0,f
1672,27553,100%,,1.0,t
1674,24665,100%,,1.0,f
1678,20310,100%,Andorra,1.0,f
1682,41257,100%,Monaco,1.0,f
1683,9301,,,1.0,f
1684,36899,75%,Saint Helena,2.0,t
1686,5136,100%,Cape Verde,1.0,t
1688,16076,,,1.0,t
1689,1403,100%,Somalia,1.0,t
1691,44659,100%,Pakistan,1.0,f
1693,22414,90%,,1.0,f
1698,23465,100%,Tonga,1.0,f
1699,601,,Cocos (Keeling) Islands,2.0,f
1701,11284,100%,,1.0,f
1708,25347,100%,,1.0,f
1711,33793,100%,Russian Federation,2.0,f
1712,9688,100%,Slovakia (Slovak Republic),1.0,t
1716,15046,,Jersey,1.0,f
1717,27041,50%,Russian Federation,1.0,f
1718,9757,,Denmark,2.0,f
1720,3112,94%,Indonesia,25.0,f
1723,490,100%,Bosnia and Herzegovina,6.0,f
1728,48788,90%,,1.0,f
1735,25744,90%,Mauritania,1.0,f
1748,23678,,,1.0,t
1750,37281,,,1.0,t
1755,11789,100%,Niue,1.0,f
1766,41762,100%,Russian Federation,1.0,f
1772,45205,100%,Denmark,1.0,f
1775,45905,100%,Sao Tome and Principe,3.0,t
1781,40631,80%,,1.0,t
1783,13088,100%,Marshall Islands,1.0,f
1787,2232,100%,Russian Federation,1.0,f
1788,3607,50%,Faroe Islands,1.0,f
1790,41580,100%,Turkmenistan,1.0,f
1791,14161,100%,Montserrat,2.0,f
1792,11968,100%,,3.0,f
1799,4252,100%,,1.0,f
1801,6020,100%,Isle of Man,1.0,t
1802,36784,,,1.0,f
1805,42819,100%,Lebanon,2.0,f
1808,35295,100%,Andorra,1.0,f
1813,16137,100%,Gibraltar,1.0,f
1825,44955,90%,,1.0,f
1829,18164,100%,Marshall Islands,5.0,f
1831,40883,,Reunion,1.0,f
1839,28848,100%,Uganda,9.0,f
1840,21083,100%,Spain,3.0,t
1841,33902,,Libyan Arab Jamahiriya,1.0,f
1847,20337,45%,Tonga,1.0,f
1848,28502,100%,Niue,1.0,t
1849,14424,100%,,1.0,f
1850,15711,,China,1.0,f
1854,2204,,,1.0,f
1855,33440,88%,Isle of Man,3.0,f
1861,16500,100%,France,1.0,f
1862,13160,100%,Cape Verde,5.0,t
1863,34354,100%,,1.0,t
1864,44990,100%,Marshall Islands,1.0,f
1865,14261,,Greenland,1.0,f
1868,13815,100%,Malta,1.0,t
1869,35161,,Anguilla,1.0,f
1871,25543,89%,Zimbabwe,1.0,t
1881,14455,100%,,2.0,f
1883,222,89%,,16.0,f
1885,34722,100%,,1.0,t
1887,26809,100%,,8.0,f
1888,17553,100%,Maldives,2.0,t
1889,24126,100%,Turkmenistan,1.0,t
1895,32319,70%,,1.0,t
1906,47890,100%,,1.0,f
1908,16179,100%,,1.0,f
1910,3961,100%,Fiji,8.0,f
1911,48291,,Bosnia and Herzegovina,2.0,f
1922,48106,100%,Cocos (Keeling) Islands,1.0,f
1923,47471,100%,Lithuania,1.0,f
1924,11105,100%,,1.0,f
1929,31465,100%,,1.0,f
1933,9460,100%,Kiribati,1.0,f
1934,20515,100%,Niue,2.0,t
1936,27033,94%,,1.0,t
1937,14186,,Palestinian Territory,2.0,f
1938,8125,,Monaco,1.0,f
1939,11612,100%,Kiribati,1.0,f
1941,8553,100%,,1.0,f
1942,19807,100%,United Kingdom,1.0,f
1945,11018,,,1.0,f
1946,34539,,Kenya,1.0,f
1948,16295,96%,Philippines,5.0,f
1950,36206,86%,Russian Federation,10.0,f
1951,10883,100%,Niger,8.0,t
1953,48786,90%,Pakistan,1.0,f
1958,49706,,Cocos (Keeling) Islands,1.0,t
1961,18795,,Maldives,1.0,f
1963,36772,100%,Lebanon,1.0,f
1968,37166,56%,,1.0,t
1970,28721,100%,French Guiana,1.0,t
1971,41271,100%,,2.0,t
1973,25662,100%,Bouvet Island (Bouvetoya),1.0,f
1974,27024,,,1.0,f
1982,7804,100%,Russian Federation,3.0,f
1988,3494,,,1.0,f
1990,49341,100%,Papua New Guinea,1.0,t
1991,17216,100%,Ecuador,2.0,t
1994,15170,100%,Guinea,1.0,f
2000,1962,100%,,7.0,f
2004,34650,,Cook Islands,1.0,f
2005,45425,100%,Mexico,1.0,t
2006,29712,,Rwanda,1.0,f
2009,2466,,Solomon Islands,1.0,f
2013,35929,,Guinea,1.0,f
2015,43648,,Croatia,1.0,f
2016,45557,100%,,2.0,f
2021,5816,,Rwanda,4.0,f
2022,42203,100%,Afghanistan,1.0,t
2023,5878,100%,,2.0,t
2031,36688,100%,Lithuania,1.0,f
2041,20842,,Lebanon,1.0,t
2042,19176,,Greenland,1.0,f
2043,46071,89%,Niue,2.0,f
2044,15304,100%,Korea,1.0,f
2045,43798,100%,El Salvador,4.0,t
2046,2739,,,1.0,f
2048,30737,88%,,1.0,f
2049,12983,100%,Micronesia,1.0,f
2051,48897,100%,Russian Federation,1.0,t
2052,15226,100%,French Polynesia,1.0,t
2053,47949,100%,,1.0,t
2056,4873,,France,1.0,f
2060,3763,100%,Mauritania,1.0,f
2062,50098,,Marshall Islands,2.0,f
2068,43719,,China,1.0,f
2074,25144,,Lebanon,1.0,f
2075,32394,33%,,1.0,f
2086,47993,100%,Malawi,1.0,t
2087,35696,,,3.0,t
2095,28078,100%,Maldives,1.0,f
2096,22029,100%,,1.0,f
2099,40150,100%,Philippines,1.0,f
2105,35598,100%,France,2.0,f
2110,7039,,Uganda,2.0,f
2114,46939,71%,,1.0,t
2116,26261,100%,Turks and Caicos Islands,1.0,f
2123,1054,100%,Guinea,20.0,f
2128,2612,94%,Cuba,1.0,f
2129,9218,,Denmark,1.0,f
2131,39341,,,1.0,t
2133,29688,100%,French Guiana,1.0,t
2138,15427,100%,Malta,3.0,f
2140,48084,,Niger,3.0,f
2141,8030,,Russian Federation,1.0,f
2144,29898,100%,Jersey,1.0,f
2148,19781,,,1.0,t
2154,24478,,,1.0,t
2155,4183,100%,,1.0,f
2156,9354,100%,Spain,12.0,f
2158,34288,100%,Gibraltar,1.0,f
2160,48979,,Switzerland,2.0,f
2164,304,100%,,1.0,f
2166,10809,100%,Bosnia and Herzegovina,4.0,f
2168,39565,93%,Rwanda,12.0,f
2170,16828,60%,,1.0,f
2173,10740,100%,Indonesia,1.0,f
2176,28410,,Cocos (Keeling) Islands,1.0,f
2177,12978,100%,,1.0,f
2182,34482,100%,Montserrat,1.0,t
2183,42174,,Faroe Islands,1.0,f
2188,5398,100%,,1.0,f
2203,6436,100%,,1.0,f
2207,13131,,Rwanda,1.0,f
2215,6373,100%,,2.0,f
2216,3065,100%,Tunisia,1.0,t
2217,28294,100%,Puerto Rico,1.0,f
2223,7078,100%,Fiji,1.0,f
2232,32210,0%,,1.0,f
2236,29136,86%,Svalbard & Jan Mayen Islands,1.0,f
2244,12950,100%,,3.0,f
2245,31731,100%,,1.0,f
2246,32195,100%,Chile,1.0,f
2253,9345,100%,Bosnia and Herzegovina,4.0,f
2254,29854,100%,Russian Federation,1.0,t
2256,11486,100%,El Salvador,2.0,f
2262,29054,100%,Montserrat,1.0,t
2263,11952,100%,,1.0,f
2265,31651,86%,Lebanon,2.0,t
2266,19015,100%,Sri Lanka,2.0,f
2271,30898,100%,,1.0,t
2272,15332,100%,Anguilla,9.0,f
2273,39221,,,1.0,f
2274,28343,100%,Costa Rica,1.0,f
2277,29173,,Afghanistan,1.0,t
2280,22078,,Indonesia,20.0,f
2283,43011,100%,Wallis and Futuna,6.0,f
2284,9852,100%,Maldives,11.0,f
2285,1564,100%,Indonesia,12.0,f
2289,46192,,,1.0,t
2290,15606,,French Guiana,1.0,f
2293,40364,100%,Tonga,25.0,f
2298,48880,100%,France,1.0,f
2301,44926,,Gibraltar,1.0,f
2303,25503,100%,Gambia,1.0,t
2306,962,,Reunion,4.0,t
2309,24872,,Malta,2.0,f
2311,42908,90%,,2.0,f
2313,8842,100%,Slovakia (Slovak Republic),3.0,f
2316,7565,,Kiribati,1.0,f
2319,6318,100%,,1.0,f
2321,4182,0%,France,1.0,f
2327,24651,,Kiribati,4.0,f
2329,37043,100%,Pakistan,11.0,f
2331,21559,75%,Tokelau,3.0,t
2332,32792,,Indonesia,12.0,f
2338,2901,100%,Turkmenistan,1.0,t
2339,49560,100%,,6.0,t
2342,30953,100%,Uzbekistan,1.0,t
2349,32360,100%,Niue,1.0,t
2353,4190,100%,United Kingdom,2.0,f
2356,30466,,,1.0,t
2374,28828,100%,Isle of Man,198.0,t
2381,19759,86%,Cocos (Keeling) Islands,1.0,f
2382,45028,100%,Malta,1.0,t
2383,44193,80%,Croatia,1.0,f
2387,29541,100%,Palestinian Territory,1.0,f
2389,30767,100%,,1.0,f
2400,44708,100%,Gibraltar,1.0,f
2402,18591,100%,Brazil,1.0,f
2405,11567,100%,Niger,31.0,t
2406,19590,,Sao Tome and Principe,1.0,t
2407,12390,86%,Uzbekistan,3.0,f
2408,27774,78%,Vietnam,15.0,f
2410,40707,100%,Sao Tome and Principe,1.0,t
2411,39181,100%,Niger,1.0,f
2412,40223,100%,,1.0,f
2413,16047,80%,Uzbekistan,6.0,f
2418,14242,,,1.0,f
2419,12826,100%,,2.0,f
2424,32981,100%,,1.0,f
2425,9791,80%,Rwanda,2.0,t
2430,4322,97%,Tonga,32.0,f
2433,24578,100%,Jersey,1.0,t
2439,44350,,Montserrat,1.0,f
2440,36261,90%,Slovakia (Slovak Republic),2.0,f
2441,26652,97%,Pakistan,6.0,f
2448,32838,,Croatia,1.0,f
2452,42596,100%,Brazil,1.0,f
2457,20851,,,1.0,t
2462,27972,94%,Brazil,27.0,f
2465,2264,80%,,1.0,f
2467,26976,,Mauritania,1.0,t
2469,21487,100%,Tanzania,1.0,f
2478,36520,,Maldives,1.0,f
2484,45668,100%,Malta,2.0,f
2485,2393,100%,Pakistan,1.0,f
2489,49551,100%,Maldives,1.0,f
2490,47843,33%,,1.0,f
2491,38021,100%,Bahrain,2.0,f
2492,42471,100%,Fiji,1.0,f
2497,22816,100%,Croatia,1.0,f
2499,6191,100%,Uzbekistan,2.0,t
2501,43138,100%,Cocos (Keeling) Islands,1.0,t
2505,30954,100%,Niue,1.0,f
2509,43796,100%,Niue,1.0,f
2510,27246,100%,,3.0,f
2514,13756,100%,Guinea,3.0,f
2515,37091,75%,Anguilla,1.0,f
2521,30735,,,2.0,f
2531,3942,100%,Svalbard & Jan Mayen Islands,1.0,f
2534,47046,100%,Lebanon,9.0,f
2536,1924,,Russian Federation,2.0,f
2539,40555,100%,,1.0,t
2546,8868,,Nauru,1.0,f
2548,945,,,1.0,f
2551,33235,70%,France,2.0,t
2553,46148,100%,Uganda,1.0,f
2555,37495,,,1.0,t
2556,41852,,,1.0,f
2560,13904,,,1.0,f
2567,22285,100%,Rwanda,1.0,f
2574,14402,100%,Denmark,1.0,f
2576,48764,,Kiribati,1.0,f
2577,20281,100%,,1.0,f
2578,23869,,,1.0,f
2582,30149,,Malta,1.0,t
2585,30787,100%,,2.0,t
2587,29116,100%,El Salvador,19.0,t
2589,29778,100%,Chile,1.0,f
2593,8398,100%,Kenya,1.0,f
2595,25706,100%,Isle of Man,1.0,f
2602,410,100%,Bouvet Island (Bouvetoya),1.0,f
2608,3122,100%,Peru,1.0,f
2631,32446,33%,,2.0,f
2636,34660,100%,Reunion,1.0,f
2641,39642,,,2.0,f
2648,32843,,,1.0,f
2656,48960,100%,,13.0,t
2657,2994,100%,El Salvador,1.0,t
2658,6225,90%,Barbados,7.0,f
2659,27473,100%,,2.0,f
2664,49796,67%,,1.0,f
2668,46949,100%,Tunisia,4.0,f
2671,36219,100%,Brazil,1.0,t
2672,44763,,Niue,1.0,f
2675,35219,97%,Tonga,4.0,f
2678,15266,100%,Bouvet Island (Bouvetoya),1.0,f
2684,46332,100%,Isle of Man,1.0,f
2687,38696,100%,Slovakia (Slovak Republic),1.0,f
2688,9458,100%,Reunion,2.0,f
2689,45870,100%,Puerto Rico,2.0,t
2690,5231,100%,Nicaragua,1.0,f
2693,25148,50%,Uzbekistan,1.0,t
2694,31637,100%,Estonia,1.0,f
2695,12044,100%,Switzerland,2.0,f
2696,27418,,Grenada,1.0,f
2701,8951,100%,Faroe Islands,1.0,f
2704,16245,100%,,1.0,f
2705,6856,100%,Denmark,1.0,f
2709,19409,100%,Micronesia,1.0,f
2711,26755,100%,Russian Federation,2.0,t
2712,45193,100%,,1.0,f
2716,42176,,,1.0,t
2720,35135,100%,Niue,1.0,f
2721,7751,,,1.0,t
2723,23981,100%,Nicaragua,1.0,f
2725,2036,100%,Slovakia (Slovak Republic),3.0,f
2727,43540,72%,Bosnia and Herzegovina,25.0,f
2729,657,100%,Marshall Islands,2.0,f
2734,40308,,Niue,1.0,f
2735,20726,0%,Niue,1.0,t
2737,22036,100%,Mauritania,1.0,t
2738,17406,,Anguilla,1.0,f
2739,19699,,Svalbard & Jan Mayen Islands,1.0,f
2741,16501,100%,,1.0,f
2743,48968,,Croatia,1.0,t
2744,30336,100%,Vietnam,2.0,t
2745,26067,60%,Reunion,1.0,f
2748,26521,100%,Vanuatu,1.0,f
2751,20931,100%,,1.0,f
2757,4130,,Maldives,7.0,f
2758,17087,50%,Portugal,1.0,t
2759,19284,,Vietnam,1.0,f
2766,21791,,Gambia,1.0,f
2771,9169,90%,Guernsey,1.0,f
2776,13577,90%,Brazil,2.0,f
2777,25085,,Niue,1.0,t
2785,38127,90%,,2.0,f
2788,19539,100%,,1.0,f
2791,48107,100%,Uganda,1.0,f
2792,44128,100%,,2.0,t
2794,23166,50%,Faroe Islands,1.0,t
2796,8123,,,1.0,f
2804,49665,100%,Libyan Arab Jamahiriya,1.0,f
2807,36241,100%,,1.0,f
2811,49012,100%,Micronesia,1.0,t
2818,6832,100%,Monaco,1.0,f
2823,23341,,Croatia,2.0,f
2830,19599,,Russian Federation,1.0,f
2831,26046,100%,Namibia,2.0,f
2833,10496,,Faroe Islands,1.0,t
2839,1199,100%,Spain,1.0,f
2840,9824,93%,,1.0,f
2850,30712,100%,Faroe Islands,1.0,f
2852,3804,100%,Faroe Islands,1.0,f
2853,22634,100%,Gambia,3.0,f
2854,5501,,Marshall Islands,1.0,t
2855,23374,0%,Togo,2.0,t
2872,9226,,Mauritania,5.0,f
2875,49904,100%,Senegal,1.0,f
2878,18825,,,2.0,t
2883,30949,100%,Finland,1.0,f
2892,13258,100%,Micronesia,1.0,f
2893,2301,100%,,1.0,f
2894,44045,100%,Sao Tome and Principe,2.0,f
2897,37459,100%,,4.0,f
2900,14337,,,1.0,f
2904,12830,,Niue,1.0,t
2905,15693,100%,Vietnam,6.0,f
2906,41341,100%,Guinea,3.0,t
2911,9310,70%,Gambia,1.0,f
2920,226,100%,Maldives,2.0,f
2925,46994,,Malta,1.0,f
2927,18139,100%,,3.0,f
2936,19123,,,1.0,f
2940,22894,100%,,1.0,f
2944,13556,100%,Uzbekistan,1.0,f
2947,23482,100%,Niue,1.0,f
2948,44973,100%,Kiribati,1.0,f
2949,8626,,Estonia,1.0,f
2950,17501,100%,Cape Verde,1.0,f
2957,30187,100%,Marshall Islands,2.0,f
2958,22605,100%,,1.0,f
2961,40459,,Estonia,1.0,f
2963,18836,100%,,1.0,f
2967,15656,90%,,2.0,t
2968,20279,100%,,1.0,t
2969,44486,100%,,2.0,f
2970,42345,,Peru,1.0,f
2973,48634,,Maldives,1.0,t
2976,6654,100%,Tonga,3.0,f
2979,2415,75%,,1.0,t
2984,19107,,Zimbabwe,1.0,t
2986,2262,100%,Tonga,1.0,f
2989,20399,,,1.0,f
2993,33182,,Cook Islands,1.0,f
2994,34995,,Kenya,1.0,f
2995,12546,100%,Lebanon,1.0,f
3001,15958,,,1.0,f
3004,1582,100%,Russian Federation,1.0,f
3008,26604,100%,Turkmenistan,1.0,f
3009,30172,100%,Russian Federation,12.0,f
3012,47514,100%,Philippines,1.0,f
3013,41117,,Chad,2.0,t
3016,8592,100%,Uganda,1.0,f
3018,34547,,Gibraltar,1.0,f
3020,24463,,,3.0,f
3022,7524,,,1.0,f
3024,10765,,Monaco,3.0,f
3025,2686,,,1.0,f
3032,4945,0%,Cape Verde,5.0,f
3036,49381,,Malta,1.0,t
3038,43590,100%,Costa Rica,9.0,f
3039,17115,100%,Gambia,2.0,t
3040,26883,100%,Guernsey,2.0,t
3042,25549,100%,Guinea,1.0,f
3047,41376,,,1.0,f
3048,29552,100%,Jersey,1.0,f
3051,4115,100%,,2.0,f
3052,46893,100%,,1.0,f
3053,24556,100%,Zimbabwe,1.0,t
3055,15535,100%,Niue,1.0,f
3056,4353,,Niue,1.0,f
3060,8253,,Nicaragua,4.0,f
3062,15790,0%,,1.0,f
3063,21794,,Canada,1.0,f
3065,48041,100%,Cocos (Keeling) Islands,1.0,t
3066,17383,100%,,1.0,f
3067,21354,,Kenya,1.0,f
3069,39239,100%,,1.0,f
3070,32213,,Puerto Rico,1.0,f
3074,32516,100%,,1.0,f
3078,40090,100%,Portugal,1.0,f
3082,25049,100%,,2.0,f
3088,36466,,Marshall Islands,1.0,f
3090,33106,100%,Nicaragua,1.0,t
3092,48257,100%,Kiribati,5.0,t
3097,12542,98%,Mauritania,19.0,t
3100,41913,,Andorra,1.0,f
3104,40461,,,1.0,t
3111,30435,99%,Cape Verde,41.0,f
3115,35522,100%,Kiribati,10.0,f
3120,7994,100%,,1.0,f
3125,39111,,Gibraltar,1.0,f
3130,34525,100%,Estonia,1.0,f
3131,48804,,Nicaragua,1.0,f
3133,36307,,Bouvet Island (Bouvetoya),1.0,f
3135,14882,,,1.0,f
3136,45592,100%,Maldives,2.0,t
3148,48525,,Afghanistan,3.0,f
3154,3705,,,1.0,f
3155,29277,100%,France,1.0,f
3157,49863,33%,,1.0,f
3166,41113,,Congo,1.0,t
3167,4238,88%,,1.0,f
3170,26720,,Kenya,3.0,f
3175,41612,100%,Montserrat,1.0,f
3178,8912,,Lebanon,4.0,f
3181,19327,90%,Mauritania,1.0,f
3183,4253,100%,France,1.0,t
3184,24860,,,1.0,f
3189,35338,80%,,1.0,f
3191,3571,100%,Bouvet Island (Bouvetoya),3.0,t
3193,13873,50%,,2.0,t
3195,23426,,,1.0,t
3197,2104,100%,Russian Federation,1.0,t
3205,46844,100%,Sao Tome and Principe,1.0,f
3211,47210,,Papua New Guinea,1.0,f
3215,16750,,Estonia,1.0,f
3216,31611,,,1.0,f
3217,10173,83%,Marshall Islands,2.0,t
3225,30286,100%,Montserrat,39.0,f
3226,31058,100%,Afghanistan,1.0,t
3227,45119,,Rwanda,2.0,f
3228,21503,83%,,1.0,f
3229,21323,100%,Guinea,2.0,t
3230,48954,100%,Montserrat,8.0,t
3233,11387,100%,Uganda,2.0,f
3237,42971,100%,Niue,1.0,f
3244,39594,,Sao Tome and Principe,3.0,f
3250,29520,,Nicaragua,54.0,f
3255,33400,97%,Zimbabwe,5.0,t
3261,46160,,Micronesia,2.0,f
3262,43699,,Chad,1.0,t
3268,8074,100%,,1.0,t
3269,14577,50%,Niue,2.0,t
3270,34663,100%,French Guiana,1.0,t
3272,29193,83%,,1.0,t
3275,27719,89%,,4.0,f
3279,10400,100%,Paraguay,4.0,t
3282,6647,100%,Senegal,2.0,t
3284,14358,100%,Maldives,9.0,f
3291,3274,86%,Barbados,24.0,f
3292,27666,100%,,1.0,f
3293,8154,100%,,4.0,f
3295,45497,,,1.0,f
3296,35846,,Niue,1.0,f
3299,20495,100%,Anguilla,1.0,f
3300,3641,,,1.0,f
3304,24953,100%,,1.0,t
3305,42980,,Cook Islands,1.0,f
3307,16504,100%,,1.0,t
3312,29578,100%,Chile,2.0,f
3317,42145,,Andorra,1.0,f
3319,25674,70%,Cocos (Keeling) Islands,1.0,f
3324,41108,,Uganda,1.0,f
3326,17303,100%,Russian Federation,5.0,t
3327,37688,100%,,1.0,f
3331,45521,100%,Isle of Man,1.0,f
3334,16624,100%,Chile,1.0,t
3336,23972,100%,Zimbabwe,2.0,t
3339,43841,,,1.0,f
3341,13064,100%,,1.0,f
3344,27671,100%,Turkmenistan,1.0,f
3347,8644,,,1.0,f
3350,8852,,,1.0,t
3354,37167,,Nicaragua,2.0,f
3358,21938,0%,Lithuania,1.0,f
3363,242,100%,Denmark,1.0,f
3364,28145,,Tonga,1.0,f
3365,40620,100%,Guinea,2.0,f
3366,14959,,,1.0,t
3371,2706,100%,,1.0,f
3373,16733,100%,Vanuatu,1.0,f
3374,40557,100%,Kenya,2.0,f
3376,48955,100%,Somalia,1.0,f
3379,46675,100%,Tonga,1.0,f
3393,32738,100%,Vanuatu,1.0,f
3394,15957,100%,Nicaragua,1.0,f
3397,21792,,Palestinian Territory,1.0,f
3399,26905,50%,Puerto Rico,2.0,f
3402,9611,93%,Chad,2.0,f
3403,37052,,French Guiana,1.0,f
3410,39109,77%,Ukraine,24.0,t
3411,47991,100%,Niue,1.0,f
3414,38041,75%,,2.0,t
3418,35654,100%,Russian Federation,1.0,t
3419,17444,100%,Malawi,1.0,f
3421,32391,,Slovakia (Slovak Republic),1.0,t
3433,43942,100%,Reunion,1.0,t
3440,38492,100%,Palestinian Territory,1.0,f
3449,45059,,Gambia,1.0,f
3450,1671,100%,Holy See (Vatican City State),1.0,t
3451,5891,100%,Faroe Islands,1.0,t
3455,19737,100%,,1.0,f
3457,24840,,France,1.0,f
3463,13606,100%,,4.0,f
3466,46362,100%,,1.0,f
3469,2121,67%,Kenya,2.0,f
3470,28324,,,1.0,f
3472,43097,93%,Sao Tome and Principe,4.0,f
3481,10157,0%,Tonga,2.0,f
3482,39711,100%,Estonia,1.0,f
3487,18168,95%,Ecuador,3.0,f
3488,24234,,Micronesia,1.0,t
3489,14393,100%,Indonesia,1.0,t
3492,19244,100%,,1.0,f
3504,5378,100%,Uzbekistan,1.0,f
3506,385,100%,,1.0,f
3507,9809,100%,Malta,1.0,f
3509,27722,,,3.0,t
3510,17445,100%,Lebanon,1.0,f
3516,16381,,Russian Federation,1.0,f
3522,43047,100%,Guinea,2.0,t
3525,2883,100%,Tanzania,2.0,f
3527,39009,82%,Mauritania,1.0,f
3529,18787,100%,,1.0,t
3536,17172,100%,Niue,1.0,f
3548,13761,,Nicaragua,2.0,f
3558,38535,,Vanuatu,1.0,t
3565,13164,33%,Mauritania,2.0,f
3567,37709,,El Salvador,1.0,f
3572,42949,100%,Papua New Guinea,2.0,f
3575,34127,100%,Uzbekistan,1.0,f
3577,13533,100%,,1.0,f
3580,48124,,Marshall Islands,1.0,f
3586,31514,75%,Gibraltar,2.0,f
3588,5262,100%,Croatia,1.0,t
3589,21133,,,1.0,f
3601,48546,100%,Gambia,1.0,t
3604,6314,100%,,2.0,f
3606,28274,100%,Jersey,1.0,f
3607,36035,83%,Bahrain,1.0,f
3609,17858,,Uganda,1.0,f
3613,34532,100%,Monaco,1.0,f
3615,685,,Sao Tome and Principe,1.0,t
3620,8968,67%,,1.0,f
3621,30080,88%,Pakistan,1.0,f
3623,49234,100%,Denmark,2.0,f
3626,38893,100%,Tonga,1.0,f
3630,5047,100%,Niger,1.0,f
3632,18319,,Saint Helena,2.0,f
3635,33108,100%,Costa Rica,3.0,f
3638,46948,,Kenya,1.0,f
3643,35305,100%,,2.0,f
3648,30445,,Russian Federation,1.0,f
3656,40992,100%,,1.0,f
3658,3389,100%,Estonia,13.0,f
3659,28123,100%,Gambia,1.0,f
3664,43127,100%,Maldives,1.0,f
3666,43983,,Turkmenistan,2.0,f
3667,11549,100%,Zimbabwe,1.0,t
3671,19967,100%,,1.0,f
3680,34808,100%,,1.0,t
3681,48443,100%,Maldives,1.0,f
3696,48710,80%,Libyan Arab Jamahiriya,1.0,f
3703,41276,,France,1.0,t
3710,49742,,Marshall Islands,1.0,f
3711,4822,,Lebanon,1.0,f
3713,10161,,Jersey,2.0,t
3718,4360,100%,Guinea,1.0,f
3720,1965,94%,,1.0,f
3722,40898,,San Marino,1.0,f
3729,6185,,Pakistan,1.0,t
3731,37378,83%,Brazil,1.0,f
3732,23920,,,2.0,f
3733,35213,83%,Russian Federation,1.0,f
3738,24033,100%,Uganda,45.0,f
3747,36524,100%,Saint Helena,8.0,t
3749,39247,100%,,1.0,f
3750,13753,100%,,2.0,f
3763,389,,,1.0,t
3765,1099,70%,,1.0,f
3767,44559,100%,,1.0,t
3769,29228,100%,,1.0,f
3771,5357,95%,Sao Tome and Principe,1.0,f
3774,47360,100%,,3.0,f
3782,13515,100%,,3.0,t
3786,12173,100%,Uganda,9.0,f
3792,44274,,,3.0,f
3795,12490,,French Guiana,1.0,f
3803,2862,100%,Vanuatu,1.0,f
3807,43176,86%,Guinea,3.0,f
3812,9712,,,1.0,t
3822,16844,,,1.0,f
3823,13047,,Guinea,1.0,f
3825,12070,100%,Vanuatu,1.0,f
3827,48774,,Jersey,1.0,f
3830,37499,100%,French Guiana,4.0,t
3833,29737,100%,,1.0,f
3834,42502,100%,Philippines,2.0,f
3836,26721,,United Kingdom,1.0,t
3841,49947,,Andorra,1.0,t
3845,19786,0%,,1.0,t
3852,26406,100%,Kiribati,2.0,f
3855,3906,,Anguilla,1.0,f
3860,28833,100%,Venezuela,5.0,f
3861,45633,100%,Ecuador,1.0,f
3863,42282,,,1.0,f
3869,12930,,Kiribati,1.0,f
3870,11928,100%,,1.0,f
3873,22209,90%,,1.0,f
3876,33716,100%,Gibraltar,2.0,f
3880,48654,100%,,6.0,f
3882,9147,100%,,4.0,f
3884,31830,100%,Tonga,1.0,f
3887,43889,100%,Lebanon,2.0,f
3890,49542,100%,Turkmenistan,2.0,f
3891,47021,,,2.0,f
3895,9399,100%,,1.0,f
3897,49206,100%,Sao Tome and Principe,1.0,f
3898,42823,100%,China,1.0,f
3899,42425,,El Salvador,1.0,f
3900,27130,100%,Croatia,1.0,f
3902,32161,100%,Nicaragua,5.0,t
3906,11600,100%,Gibraltar,1.0,t
3910,4076,50%,Uganda,1.0,t
3911,2743,97%,China,23.0,f
3912,44347,88%,Wallis and Futuna,2.0,f
3915,10374,100%,,1.0,f
3920,46450,,Malta,1.0,t
3921,17213,100%,France,1.0,t
3923,28765,100%,,1.0,f
3924,11787,,Peru,1.0,f
3926,46943,94%,Peru,2.0,f
3927,13823,,Nicaragua,1.0,f
3931,38683,,Rwanda,1.0,f
3940,44722,100%,Niue,2.0,f
3942,10006,100%,Tanzania,1.0,t
3950,17198,100%,Gambia,1.0,f
3951,12956,,,1.0,t
3954,40671,100%,Bosnia and Herzegovina,2.0,t
3957,2112,100%,Nicaragua,2.0,f
3963,77,50%,Monaco,2.0,f
3967,19791,,,1.0,t
3977,7649,100%,Jersey,1.0,t
3992,17515,100%,Philippines,5.0,f
3993,4364,100%,Uganda,1.0,f
3997,38959,100%,,1.0,f
3998,11071,90%,,2.0,f
4002,12335,,Mauritania,1.0,f
4003,2445,100%,El Salvador,1.0,t
4008,13236,100%,Vanuatu,1.0,f
4011,9224,100%,,1.0,f
4022,28662,100%,Brazil,2.0,f
4026,452,100%,Ghana,3.0,f
4032,19909,100%,Andorra,1.0,f
4035,43053,,Papua New Guinea,1.0,f
4041,22647,100%,Uzbekistan,1.0,f
4042,15247,100%,Tunisia,1.0,f
4050,29968,100%,French Guiana,1.0,f
4053,6576,100%,Gibraltar,3.0,t
4054,26689,80%,Svalbard & Jan Mayen Islands,1.0,f
4056,39829,100%,,1.0,f
4058,24409,100%,Isle of Man,1.0,f
4061,16268,,,10.0,f
4063,44713,100%,French Guiana,1.0,t
4068,32661,,,3.0,t
4069,36543,100%,Pakistan,1.0,f
4070,16947,,Chile,2.0,f
4073,17941,100%,France,1.0,t
4075,33431,100%,,1.0,f
4080,37615,100%,Vanuatu,1.0,f
4083,39781,100%,Brazil,1.0,t
4084,39161,,French Polynesia,1.0,f
4085,38184,40%,Estonia,1.0,f
4088,13728,100%,Pakistan,1.0,f
4093,33336,75%,Nicaragua,1.0,f
4097,19250,100%,Papua New Guinea,1.0,f
4100,23437,100%,Niger,1.0,f
4106,8131,100%,,1.0,f
4107,24288,100%,Senegal,4.0,f
4108,31636,,,1.0,f
4109,17092,100%,Estonia,2.0,f
4113,38304,100%,United Kingdom,1.0,t
4118,28621,100%,Marshall Islands,1.0,f
4120,14663,100%,Kenya,1.0,f
4121,35891,,,1.0,f
4123,4048,100%,,1.0,f
4126,10920,100%,Kenya,2.0,t
4130,19149,,,1.0,f
4132,41991,100%,Mexico,1.0,t
4133,49496,100%,Gibraltar,1.0,f
4134,48701,100%,Tonga,1.0,f
4135,26558,100%,Micronesia,2.0,t
4137,10962,100%,Sao Tome and Principe,3.0,t
4138,32816,88%,Denmark,1.0,f
4140,45519,100%,Puerto Rico,2.0,f
4141,43360,100%,Denmark,2.0,f
4145,36160,,Guinea,1.0,f
4146,17398,100%,,1.0,f
4148,5975,100%,Guinea,2.0,f
4149,12679,90%,,2.0,f
4162,38856,,,1.0,f
4172,28703,100%,Uzbekistan,2.0,f
4175,4920,98%,Estonia,8.0,f
4176,6912,60%,,1.0,f
4177,17535,100%,,1.0,t
4178,39972,100%,Niue,1.0,f
4181,41546,100%,Mauritania,21.0,f
4185,29813,100%,Holy See (Vatican City State),1.0,f
4186,31265,90%,,1.0,t
4187,34398,100%,,3.0,t
4192,16939,,Senegal,11.0,t
4194,8654,100%,Christmas Island,3.0,f
4205,35743,100%,Palestinian Territory,2.0,t
4207,43046,,Denmark,1.0,f
4208,27652,100%,El Salvador,5.0,f
4210,17040,,,1.0,f
4214,38112,100%,Malta,1.0,f
4216,28602,100%,Mauritania,2.0,f
4217,20198,,Nicaragua,1.0,f
4219,12818,,Chile,4.0,f
4227,11330,,,1.0,f
4230,24198,25%,French Guiana,4.0,f
4232,25132,100%,,2.0,f
4233,11984,,,1.0,f
4235,13120,83%,,1.0,f
4240,11510,,Montserrat,11.0,f
4248,13397,,,1.0,f
4249,665,100%,Greenland,2.0,t
4259,35941,,,2.0,f
4273,13247,,El Salvador,2.0,f
4276,30500,100%,Zimbabwe,1.0,t
4281,44540,67%,,1.0,t
4283,7395,100%,Niue,1.0,f
4288,29931,100%,Brazil,1.0,f
4290,38960,100%,,1.0,f
4311,14336,,Saint Helena,1.0,f
4313,38722,100%,,1.0,f
4316,14652,,Niue,1.0,f
4324,21529,100%,Uzbekistan,2.0,t
4325,46664,100%,Croatia,2.0,t
4328,18708,,Uzbekistan,1.0,f
4329,40405,0%,Tonga,1.0,f
4330,3254,,Tonga,16.0,t
4335,11578,100%,Brazil,1.0,f
4336,21268,0%,,2.0,f
4337,27274,,,1.0,f
4339,20238,100%,Guinea,1.0,f
4342,6026,100%,Rwanda,1.0,t
4346,1285,,Kenya,2.0,f
4347,39708,100%,Anguilla,1.0,t
4353,38701,40%,Niger,27.0,f
4354,43494,98%,Saint Helena,5.0,f
4358,9846,100%,Indonesia,3.0,t
4360,33737,,,1.0,f
4365,18005,100%,,1.0,t
4371,14831,,Somalia,1.0,f
4373,274,90%,Togo,2.0,f
4375,13890,,Kiribati,13.0,f
4379,22123,100%,Holy See (Vatican City State),1.0,f
4380,7827,,Guinea,1.0,f
4382,32920,60%,Reunion,5.0,f
4385,29960,100%,Indonesia,1.0,t
4386,25455,,French Guiana,1.0,f
4392,1901,100%,El Salvador,1.0,f
4403,15289,100%,Monaco,1.0,f
4404,1959,,,1.0,t
4405,50089,100%,Isle of Man,2.0,f
4410,4912,100%,Pakistan,2.0,f
4412,46092,100%,Rwanda,1.0,f
4413,13935,100%,Ecuador,2.0,f
4414,18955,90%,Denmark,3.0,f
4420,15989,100%,Palestinian Territory,1.0,t
4427,34596,100%,Rwanda,1.0,f
4428,35948,100%,Brazil,8.0,f
4429,912,100%,Monaco,1.0,f
4430,36731,100%,Nicaragua,7.0,f
4432,37646,100%,Estonia,60.0,f
4434,15599,,Ecuador,1.0,f
4435,9831,100%,Micronesia,1.0,f
4437,49299,90%,Equatorial Guinea,2.0,f
4441,10373,90%,Bouvet Island (Bouvetoya),2.0,f
4443,39194,,Ghana,1.0,t
4444,24513,,Rwanda,2.0,f
4449,21739,100%,,1.0,f
4453,19037,,Montserrat,4.0,t
4457,11639,0%,Russian Federation,2.0,f
4462,47108,,,1.0,t
4465,330,100%,United Kingdom,1.0,f
4467,43336,,France,1.0,f
4468,19538,100%,,1.0,t
4469,1698,,El Salvador,1.0,t
4471,16079,100%,Sao Tome and Principe,1.0,f
4473,39033,50%,Russian Federation,1.0,f
4474,23714,100%,Montserrat,1.0,f
4477,9691,,Uzbekistan,1.0,t
4479,13267,,,1.0,f
4481,18061,95%,Marshall Islands,1.0,f
4482,37606,,Reunion,2.0,f
4490,17446,,,1.0,f
4495,41216,,Jersey,1.0,t
4496,2947,,Russian Federation,2.0,f
4500,33938,100%,United Kingdom,2.0,f
4501,34566,88%,,1.0,t
4505,17883,100%,,1.0,f
4511,25913,89%,Uzbekistan,1.0,f
4512,40640,,Sao Tome and Principe,1.0,f
4517,37443,75%,,1.0,f
4518,3945,71%,,1.0,t
4520,33678,,,1.0,f
4521,19008,100%,Kiribati,1.0,f
4525,33017,,Estonia,1.0,f
4526,3994,100%,Kenya,1.0,t
4529,32763,100%,,10.0,f
4531,25860,100%,Brunei Darussalam,1.0,t
4535,8656,100%,Venezuela,1.0,f
4541,24349,100%,Guinea,2.0,t
4544,4519,,Mexico,1.0,f
4547,25305,,,1.0,t
4550,30906,,Isle of Man,1.0,t
4554,1553,,,2.0,f
4556,3355,78%,Faroe Islands,2.0,t
4557,39952,100%,Tonga,21.0,f
4559,32007,80%,El Salvador,2.0,f
4570,26559,,Guinea,4.0,t
4572,21249,80%,Sao Tome and Principe,1.0,f
4574,44593,83%,Gambia,1.0,f
4575,21325,100%,,1.0,f
4578,39744,,,1.0,f
4585,7903,,Micronesia,1.0,t
4587,43832,,,1.0,f
4588,27597,100%,Portugal,7.0,t
4595,17347,100%,Jersey,1.0,f
4596,13411,,Lebanon,2.0,t
4597,20120,100%,Wallis and Futuna,10.0,f
4601,1593,,Djibouti,1.0,f
4608,43919,100%,Ghana,1.0,f
4612,23455,50%,,1.0,f
4614,40306,,Anguilla,1.0,t
4621,2776,100%,,1.0,f
4623,44518,,Micronesia,1.0,f
4629,4543,,Jersey,1.0,f
4630,4011,100%,French Guiana,3.0,f
4631,21358,100%,Congo,1.0,f
4632,27392,90%,Sao Tome and Principe,1.0,f
4633,22117,100%,Tonga,1.0,f
4634,2037,80%,Gambia,1.0,f
4637,41540,100%,,1.0,f
4646,17637,100%,Monaco,1.0,t
4647,24506,,,1.0,f
4648,987,,China,1.0,f
4650,43207,100%,Venezuela,1.0,f
4652,4600,70%,Marshall Islands,1.0,t
4653,19627,0%,,4.0,f
4657,3410,,Philippines,1.0,t
4658,46513,,Isle of Man,1.0,f
4663,42926,,,1.0,f
4668,42435,100%,Russian Federation,3.0,t
4672,29289,100%,Kiribati,1.0,f
4673,48857,100%,,24.0,f
4675,21060,100%,Tunisia,1.0,f
4676,11010,,Micronesia,2.0,f
4678,9124,100%,,1.0,f
4683,43175,100%,El Salvador,1.0,f
4686,3514,,Marshall Islands,1.0,f
4698,22649,,Russian Federation,1.0,f
4699,8083,,Guinea,1.0,f
4700,41349,100%,Jersey,1.0,f
4702,13932,,,1.0,f
4706,49840,,Canada,1.0,f
4708,49076,97%,Kenya,12.0,t
4713,17267,,Zimbabwe,1.0,f
4716,16615,100%,Chad,1.0,f
4718,3940,100%,Pakistan,2.0,f
4719,43415,100%,Gambia,1.0,f
4720,20411,100%,Pakistan,4.0,t
4721,43795,89%,Vanuatu,1.0,f
4725,6276,100%,Zimbabwe,5.0,f
4730,2907,100%,Pitcairn Islands,2.0,t
4733,5432,,Maldives,1.0,f
4738,37301,,Togo,1.0,f
4746,25009,,Philippines,1.0,f
4749,11210,29%,Estonia,1.0,f
4753,25053,25%,Uzbekistan,1.0,t
4763,5037,100%,El Salvador,1.0,t
4774,3015,100%,Nicaragua,3.0,f
4776,42805,,Russian Federation,2.0,f
4777,40981,,,1.0,f
4778,37237,100%,Tunisia,1.0,f
4780,43134,100%,Suriname,6.0,f
4782,11946,89%,Zimbabwe,2.0,f
4784,5009,,Jersey,1.0,t
4786,11847,71%,Sao Tome and Principe,1.0,t
4787,35813,100%,Kiribati,1.0,f
4788,32944,,,1.0,f
4792,7696,97%,Russian Federation,7.0,t
4793,12259,,Vanuatu,1.0,f
4798,44712,,Nicaragua,1.0,f
4799,27263,80%,China,5.0,f
4805,41518,100%,Montserrat,13.0,t
4807,6424,100%,,1.0,f
4810,22129,100%,Moldova,1.0,f
4812,40112,100%,Cape Verde,1.0,f
4816,927,100%,,1.0,f
4824,44190,100%,,3.0,f
4828,27516,,Papua New Guinea,1.0,t
4832,37728,,Montserrat,1.0,f
4838,47448,100%,Gibraltar,1.0,t
4841,3049,100%,,1.0,f
4842,33873,100%,Turks and Caicos Islands,8.0,t
4843,30212,,,1.0,f
4846,42757,,Micronesia,1.0,f
4852,26449,100%,Micronesia,1.0,f
4857,29138,88%,Kiribati,2.0,f
4861,16627,100%,France,1.0,f
4862,39591,,Chad,1.0,t
4863,22973,100%,,2.0,f
4867,46124,100%,Niue,1.0,f
4870,20110,100%,Micronesia,1.0,f
4872,48980,100%,Mauritania,2.0,f
4874,40039,100%,Croatia,1.0,f
4875,47256,50%,Marshall Islands,1.0,f
4877,38537,100%,Russian Federation,1.0,f
4878,24025,,,1.0,f
4883,43834,99%,Uganda,13.0,f
4884,42879,100%,Gambia,1.0,f
4887,26123,,Tunisia,5.0,t
4891,13821,100%,United Kingdom,2.0,f
4892,18589,,Ghana,1.0,f
4898,14659,,,1.0,t
4906,9880,,,1.0,f
4907,4014,100%,United Kingdom,1.0,f
4910,34646,100%,Jersey,1.0,f
4924,28614,50%,,1.0,f
4930,48254,,Micronesia,1.0,f
4937,45808,100%,Uganda,1.0,f
4939,4685,43%,Fiji,1.0,f
4940,24248,,Papua New Guinea,1.0,f
4942,3231,100%,Christmas Island,1.0,f
4943,21047,,Denmark,1.0,f
4944,6999,100%,Brazil,1.0,f
4946,27821,50%,,1.0,f
4947,17689,,United Kingdom,2.0,f
4948,28278,90%,Chile,1.0,t
4955,15616,83%,Tonga,1.0,f
4956,7571,33%,Kiribati,2.0,f
4961,41501,100%,Montserrat,2.0,t
4971,28815,,,1.0,f
4974,34627,100%,Tanzania,1.0,f
4978,41853,100%,Denmark,1.0,f
4979,3167,100%,Micronesia,3.0,f
4984,8367,100%,Nicaragua,1.0,f
4986,4816,90%,Somalia,3.0,f
4987,13033,80%,Moldova,3.0,t
4989,3417,,Fiji,32.0,t
4993,27819,100%,Kenya,1.0,f
4994,1063,100%,Papua New Guinea,4.0,f
4995,31966,75%,Nauru,1.0,f
5000,38804,100%,,1.0,f
5002,886,100%,Faroe Islands,1.0,f
5005,12066,,,1.0,f
5008,10469,100%,,1.0,f
5010,7839,100%,,2.0,f
5011,23261,86%,Jersey,2.0,f
5012,34521,,French Guiana,1.0,t
5014,24067,,Mexico,3.0,t
5016,24115,,Uruguay,1.0,f
5018,4650,100%,,3.0,f
5019,4856,100%,Philippines,5.0,f
5020,10108,50%,Denmark,1.0,f
5022,5217,,Croatia,1.0,f
5025,991,33%,Jersey,1.0,t
5027,3176,100%,Uzbekistan,1.0,t
5031,11469,100%,Guinea,2.0,f
5038,2363,,Barbados,3.0,t
5041,10865,88%,Isle of Man,2.0,t
5042,44385,50%,Vanuatu,1.0,f
5044,22518,100%,Guinea,6.0,f
5048,36998,92%,Lebanon,10.0,f
5050,35807,100%,Sao Tome and Principe,2.0,f
5052,11125,100%,Nicaragua,12.0,t
5055,45133,77%,Chile,1.0,f
5067,15761,100%,Nicaragua,1.0,f
5070,40724,,Niue,1.0,f
5073,19667,100%,Monaco,1.0,f
5075,49787,100%,,1.0,f
5082,24258,100%,Malta,1.0,f
5085,21005,100%,Cocos (Keeling) Islands,1.0,f
5086,16436,100%,,1.0,t
5088,33982,60%,,1.0,f
5090,39027,80%,Nicaragua,2.0,f
5091,50025,40%,Bahrain,1.0,f
5096,42241,0%,Zimbabwe,1.0,f
5103,12961,100%,,1.0,f
5106,27430,100%,Christmas Island,4.0,t
5107,166,50%,,1.0,f
5110,26442,33%,,1.0,f
5111,6697,100%,Pakistan,1.0,f
5116,2281,,Marshall Islands,1.0,f
5117,43323,100%,Greenland,1.0,f
5121,12802,100%,Niger,3.0,t
5127,29175,,Wallis and Futuna,1.0,f
5139,5202,,,2.0,f
5143,6894,80%,Estonia,47.0,t
5151,32991,100%,Mauritania,2.0,t
5152,26441,,Niue,1.0,f
5156,35156,100%,,2.0,f
5160,38201,100%,Russian Federation,1.0,f
5167,11457,90%,Denmark,1.0,t
5168,22207,,Niue,1.0,t
5170,13441,100%,Togo,2.0,f
5174,12006,100%,Uruguay,5.0,f
5175,43148,100%,Slovakia (Slovak Republic),1.0,f
5178,29447,100%,Faroe Islands,1.0,t
5179,34836,,,1.0,t
5181,5540,100%,Rwanda,1.0,t
5186,45878,100%,Costa Rica,1.0,f
5191,45684,100%,,1.0,t
5192,26341,,Chad,1.0,f
5196,4247,,,2.0,f
5201,17905,,Papua New Guinea,1.0,f
5204,28957,0%,Turkmenistan,2.0,f
5205,43136,,Chile,1.0,f
5214,42741,100%,Tanzania,1.0,f
5215,31889,100%,Zimbabwe,1.0,t
5216,14412,,,1.0,f
5226,3378,,Maldives,1.0,f
5232,9538,,Svalbard & Jan Mayen Islands,3.0,f
5233,48439,100%,Guinea,2.0,f
5235,24338,100%,El Salvador,2.0,f
5236,19099,,Lebanon,1.0,f
5241,9841,100%,,1.0,f
5243,44954,,Rwanda,2.0,t
5245,44452,100%,,2.0,t
5246,1635,0%,Barbados,1.0,f
5247,46541,100%,Chad,1.0,f
5248,19010,,Philippines,2.0,f
5254,28169,,Guernsey,1.0,f
5256,4002,,France,1.0,f
5259,23335,100%,,3.0,f
5263,11166,80%,Marshall Islands,1.0,f
5267,13641,85%,Mauritania,23.0,f
5270,17503,50%,,1.0,t
5272,8489,100%,Zimbabwe,2.0,f
5274,45989,90%,Isle of Man,1.0,f
5279,23497,80%,Gambia,3.0,f
5280,1109,,Turkmenistan,1.0,f
5282,36963,100%,France,1.0,f
5283,17281,,Bouvet Island (Bouvetoya),1.0,f
5286,30022,33%,French Guiana,2.0,f
5288,22174,100%,Russian Federation,1.0,f
5290,6388,,French Guiana,1.0,f
5293,49160,,Estonia,1.0,f
5297,18275,90%,,2.0,t
5302,13020,,Spain,1.0,f
5309,2633,100%,Lebanon,1.0,t
5310,31618,100%,Maldives,1.0,f
5313,14218,100%,Uzbekistan,1.0,f
5316,47336,,Micronesia,2.0,f
5323,18077,100%,Sao Tome and Principe,139.0,f
5324,39191,,,1.0,t
5328,719,100%,Estonia,1.0,f
5329,43108,100%,Vietnam,2.0,f
5332,34572,100%,Saint Helena,1.0,f
5334,3071,100%,Indonesia,1.0,f
5340,8314,,,1.0,f
5341,3704,,Barbados,1.0,t
5342,34027,100%,,1.0,f
5346,9127,,,1.0,f
5349,50082,,,1.0,t
5352,19799,100%,Guinea,2.0,f
5355,1018,,,1.0,f
5356,1401,100%,Uganda,3.0,f
5361,6454,,Bouvet Island (Bouvetoya),1.0,f
5362,30902,100%,Senegal,1.0,f
5369,17331,,Gambia,1.0,f
5378,24919,100%,Estonia,4.0,f
5379,40697,93%,,2.0,f
5381,13310,,Niue,1.0,f
5383,1092,,Nauru,1.0,f
5384,14367,53%,,1.0,f
5387,47261,100%,Estonia,7.0,f
5390,31888,100%,,1.0,f
5392,11806,100%,,1.0,t
5393,36865,,,1.0,t
5405,16109,100%,,1.0,f
5406,19252,,,1.0,f
5407,27047,100%,France,1.0,f
5409,11020,,Guernsey,1.0,t
5416,13770,,Netherlands,4.0,f
5424,16498,100%,,1.0,f
5426,26378,,Cape Verde,5.0,f
5427,33881,100%,Djibouti,2.0,t
5432,18026,75%,,1.0,t
5436,42505,,French Polynesia,1.0,f
5438,3852,,,1.0,f
5440,36327,100%,Guinea,5.0,t
5444,32812,100%,,1.0,f
5448,23395,0%,Tonga,1.0,f
5449,40931,,Niue,1.0,f
5451,22677,,,1.0,f
5452,7312,100%,,2.0,f
5453,6736,100%,El Salvador,1.0,f
5454,15851,100%,,2.0,f
5456,1076,100%,Guernsey,1.0,f
5458,33934,100%,Wallis and Futuna,1.0,f
5459,39799,50%,Russian Federation,6.0,f
5462,17667,,Uganda,2.0,f
5464,23576,100%,,3.0,f
5468,37778,92%,Tonga,24.0,f
5476,6083,,,1.0,t
5477,47541,100%,Palestinian Territory,1.0,t
5485,29896,,Tonga,1.0,t
5488,20412,100%,Jersey,1.0,t
5491,2128,100%,United Kingdom,1.0,f
5493,34359,,Indonesia,1.0,f
5496,40222,,,1.0,f
5499,34558,100%,Philippines,1.0,f
5503,453,,Kenya,1.0,f
5505,7557,100%,Uganda,1.0,f
5506,28061,100%,Denmark,5.0,f
5508,45211,100%,Micronesia,2.0,t
5514,39928,100%,,1.0,f
5522,49035,98%,Maldives,6.0,f
5526,22761,,,1.0,f
5527,33275,83%,Netherlands,1.0,f
5530,37652,100%,Kiribati,3.0,t
5532,26789,,Guinea,3.0,t
5536,8666,50%,,2.0,t
5538,22027,67%,Togo,1.0,f
5540,32998,100%,,1.0,f
5541,41346,97%,Estonia,7.0,t
5546,42635,100%,Nicaragua,1.0,f
5551,38473,,Micronesia,1.0,f
5553,17409,,Niue,1.0,f
5554,4759,,Barbados,1.0,f
5555,36369,93%,,1.0,f
5559,44769,0%,Fiji,1.0,f
5566,10689,100%,Isle of Man,1.0,t
5567,46486,100%,Nicaragua,1.0,f
5576,41794,,Puerto Rico,1.0,t
5577,10540,100%,Togo,1.0,f
5582,13940,100%,,1.0,f
5584,41756,100%,Chad,1.0,f
5591,10683,100%,Tonga,1.0,f
5592,4565,100%,Turkmenistan,1.0,f
5593,15156,80%,El Salvador,1.0,f
5598,34409,100%,,1.0,t
5601,27507,100%,Lebanon,2.0,f
5604,36803,100%,Gibraltar,2.0,t
5606,9988,,Niue,1.0,t
5607,22050,100%,Peru,2.0,f
5618,1529,100%,Denmark,1.0,f
5619,32903,100%,,2.0,f
5621,13459,,Malawi,1.0,f
5622,35354,100%,Micronesia,1.0,f
5625,24603,100%,Senegal,1.0,f
5627,14968,,Uganda,1.0,t
5628,12424,100%,Pakistan,2.0,t
5630,31853,,Montserrat,1.0,f
5632,10838,78%,Ecuador,2.0,t
5634,16028,100%,Niue,1.0,f
5638,700,,Guinea,2.0,t
5639,10110,100%,Costa Rica,1.0,t
5642,31533,100%,Malawi,1.0,f
5643,39467,100%,Nicaragua,4.0,t
5649,648,,Zimbabwe,1.0,f
5654,5254,100%,Malawi,1.0,f
5658,47077,100%,Bouvet Island (Bouvetoya),2.0,f
5659,40548,100%,,1.0,t
5661,32441,,Christmas Island,1.0,f
5663,34676,100%,,4.0,t
5664,4003,0%,,1.0,t
5667,47913,0%,Monaco,1.0,f
5668,33924,,Uganda,1.0,f
5669,34746,100%,,2.0,f
5671,4478,100%,,2.0,f
5672,1964,100%,Netherlands,1.0,f
5676,15385,100%,Cook Islands,3.0,f
5678,32942,,Pakistan,6.0,f
5683,46006,,Mauritania,2.0,f
5687,8126,56%,,2.0,f
5690,1610,100%,Niue,1.0,f
5692,42378,,Nauru,1.0,f
5693,19133,,Rwanda,2.0,f
5696,27851,,United Kingdom,6.0,t
5716,19758,100%,Marshall Islands,1.0,f
5718,40065,,Guinea,1.0,f
5719,41741,100%,Brazil,9.0,t
5720,12551,100%,Niger,3.0,f
5725,120,100%,Cuba,2.0,f
5734,9284,100%,Nicaragua,4.0,f
5738,2525,50%,Montserrat,2.0,f
5746,4874,100%,,1.0,t
5748,38525,100%,,2.0,f
5750,5516,100%,Saint Helena,1.0,f
5759,12039,88%,,1.0,f
5760,43578,90%,Kiribati,7.0,f
5763,4446,100%,Uganda,58.0,f
5764,14718,,,1.0,f
5767,21210,64%,,1.0,f
5769,30283,100%,Brazil,15.0,f
5773,32192,100%,,1.0,t
5775,9116,,Lebanon,1.0,f
5777,40847,,,1.0,f
5786,2416,100%,Guinea,5.0,f
5788,42327,80%,,1.0,f
5789,20262,,Marshall Islands,1.0,f
5796,33933,100%,Papua New Guinea,3.0,f
5805,7593,100%,Senegal,2.0,f
5806,6967,100%,Russian Federation,1.0,f
5807,18518,100%,El Salvador,1.0,f
5808,23855,94%,France,2.0,t
5814,33619,100%,Sao Tome and Principe,1.0,f
5823,47356,,Denmark,1.0,f
5826,29588,100%,,3.0,f
5829,27650,100%,Slovenia,1.0,t
5848,23238,100%,Reunion,2.0,t
5850,40746,100%,Slovakia (Slovak Republic),2.0,f
5855,1608,100%,Zimbabwe,2.0,f
5861,5723,100%,,1.0,f
5863,33262,90%,Niger,1.0,f
5866,46301,100%,Gambia,1.0,f
5870,8377,,,1.0,f
5877,8225,95%,Barbados,31.0,f
5879,38680,100%,Tonga,1.0,f
5880,44941,100%,,1.0,f
5881,2673,93%,Anguilla,2.0,f
5889,4386,,Zimbabwe,4.0,t
5894,18306,90%,Jersey,5.0,f
5898,31446,100%,Faroe Islands,9.0,f
5901,43266,0%,Russian Federation,1.0,f
5902,49435,100%,Marshall Islands,6.0,t
5903,7513,,,1.0,t
5904,35722,,,1.0,f
5912,5561,100%,,2.0,f
5919,35093,100%,,1.0,f
5921,23734,0%,Uganda,1.0,t
5925,1013,100%,Venezuela,4.0,f
5927,4330,94%,Ukraine,60.0,t
5930,41140,90%,Nicaragua,2.0,t
5932,25034,100%,Nicaragua,2.0,f
5935,8499,100%,Mauritania,1.0,f
5938,11156,100%,El Salvador,2.0,f
5939,31358,,,1.0,f
5944,36693,90%,,3.0,f
5945,46731,86%,,1.0,f
5947,43712,,Sao Tome and Principe,1.0,f
5949,14327,100%,Gambia,2.0,t
5960,43615,100%,,1.0,f
5961,5173,100%,El Salvador,2.0,f
5969,46410,100%,,1.0,f
5973,29602,100%,China,1.0,f
5980,18532,100%,,1.0,f
5981,24215,,China,1.0,f
5986,22674,100%,,3.0,f
5988,39138,,Ghana,1.0,f
5991,42279,,Tonga,1.0,f
5994,6592,100%,Togo,1.0,f
5999,47974,100%,Lebanon,2.0,f
6000,23661,100%,,2.0,t
6001,5771,98%,Vietnam,8.0,f
6003,12357,100%,Gambia,4.0,f
6007,39243,,,1.0,f
6008,3144,0%,Puerto Rico,1.0,f
6010,21605,83%,Nicaragua,6.0,f
6011,13396,100%,Uruguay,1.0,f
6016,5701,100%,Costa Rica,1.0,t
6017,8674,,,1.0,f
6019,35540,88%,,2.0,f
6023,22376,100%,Vanuatu,6.0,f
6025,25079,100%,,1.0,f
6029,8392,80%,,1.0,f
6040,8983,100%,Anguilla,7.0,f
6043,16719,100%,Denmark,1.0,f
6044,9968,100%,Indonesia,1.0,f
6049,18860,100%,,4.0,t
6050,25939,100%,Nauru,2.0,f
6054,11792,100%,,3.0,f
6056,31363,100%,Faroe Islands,1.0,t
6058,32059,,,1.0,f
6060,23620,100%,,1.0,f
6061,1617,100%,Russian Federation,2.0,f
6064,26107,100%,Niue,3.0,f
6067,25944,100%,,1.0,t
6070,7952,,Andorra,1.0,f
6073,8770,100%,El Salvador,3.0,f
6075,18315,100%,Bosnia and Herzegovina,1.0,f
6076,16456,100%,,1.0,t
6080,13054,,Uganda,1.0,t
6083,37457,,Turkmenistan,1.0,f
6084,19905,97%,Monaco,8.0,f
6085,36822,100%,,3.0,f
6090,2878,93%,Bosnia and Herzegovina,3.0,t
6092,8267,100%,Vietnam,1.0,f
6095,14684,,,1.0,f
6107,5548,,,1.0,t
6109,30394,100%,Marshall Islands,1.0,f
6112,5371,,,1.0,t
6113,40454,,Zimbabwe,2.0,f
6115,13057,100%,Ukraine,1.0,f
6117,44906,100%,,1.0,f
6120,47192,,Russian Federation,1.0,t
6129,16709,100%,Isle of Man,1.0,f
6132,19933,,Guernsey,1.0,f
6133,1652,88%,Greenland,2.0,f
6134,27001,,Guernsey,1.0,f
6136,22731,100%,Nicaragua,1.0,f
6138,15053,25%,Uzbekistan,1.0,t
6140,1822,100%,Anguilla,1.0,f
6141,25046,100%,Maldives,14.0,f
6142,11973,100%,Niue,7.0,t
6146,5479,100%,,3.0,f
6150,48455,89%,Uzbekistan,20.0,t
6151,7339,100%,Zimbabwe,1.0,f
6156,27981,100%,Cape Verde,1.0,f
6158,42840,100%,Niger,1.0,f
6159,36890,90%,Uzbekistan,1.0,t
6163,43428,73%,Faroe Islands,9.0,t
6168,47117,100%,Niue,1.0,t
6174,12488,,China,2.0,f
6180,29073,90%,Canada,1.0,t
6181,23035,100%,,2.0,f
6185,6812,100%,Uzbekistan,1.0,t
6186,14359,,,1.0,t
6187,44169,97%,Portugal,39.0,f
6191,34922,100%,Canada,1.0,f
6194,48340,,Turkmenistan,1.0,t
6197,41155,,,7.0,f
6198,17259,100%,Guinea,2.0,f
6199,48994,100%,Rwanda,1.0,f
6203,29322,100%,Gambia,1.0,f
6208,30341,,Ecuador,1.0,f
6213,41816,50%,Micronesia,1.0,t
6218,11687,100%,Tanzania,2.0,f
6219,27215,100%,Reunion,1.0,t
6220,4534,,Malawi,1.0,t
6223,31782,,Costa Rica,2.0,f
6231,14766,100%,Rwanda,2.0,t
6238,5587,100%,,1.0,f
6245,19166,100%,Brazil,2.0,t
6247,46162,100%,Nicaragua,1.0,f
6248,33418,,,1.0,f
6250,7133,90%,,3.0,f
6255,10122,100%,,1.0,t
6257,35977,100%,Marshall Islands,1.0,f
6259,43935,100%,Puerto Rico,1.0,f
6267,34723,100%,Peru,12.0,f
6272,29208,100%,Libyan Arab Jamahiriya,1.0,f
6273,48277,100%,Rwanda,4.0,f
6276,37234,100%,Gambia,1.0,f
6277,37248,,Senegal,2.0,t
6278,10446,100%,Gibraltar,1.0,f
6280,10766,,Lebanon,1.0,f
6281,5084,100%,Congo,1.0,f
6282,35680,,Bouvet Island (Bouvetoya),1.0,t
6283,25386,,,1.0,f
6284,34158,,Kenya,1.0,f
6286,23707,90%,,1.0,f
6291,27692,,Micronesia,1.0,f
6292,42091,,Zimbabwe,1.0,f
6293,39915,100%,Vanuatu,1.0,f
6294,41266,100%,Papua New Guinea,1.0,f
6297,41450,33%,,1.0,f
6298,33002,,Cuba,1.0,f
6305,6603,100%,Gibraltar,1.0,f
6308,17769,,Estonia,1.0,f
6309,32340,,Anguilla,1.0,f
6311,40027,,Cape Verde,1.0,f
6312,7956,100%,Malta,1.0,f
6320,34304,33%,Micronesia,1.0,f
6321,14473,100%,Anguilla,1.0,f
6323,31531,,Isle of Man,1.0,f
6324,47778,100%,Cocos (Keeling) Islands,1.0,f
6326,47164,100%,Ukraine,2.0,f
6327,16831,,Ghana,1.0,f
6328,46607,100%,Brazil,4.0,f
6329,27960,69%,Suriname,6.0,f
6331,44194,100%,Indonesia,5.0,t
6335,45758,100%,Brazil,1.0,f
6337,27021,100%,Denmark,1.0,f
6339,22308,100%,Kiribati,1.0,f
6343,25905,100%,Denmark,1.0,f
6345,21038,100%,Zimbabwe,1.0,f
6346,19205,,Chad,1.0,t
6348,22732,,France,1.0,f
6349,35228,100%,,1.0,f
6359,6371,100%,,1.0,f
6364,14413,100%,,1.0,f
6365,45054,70%,Zimbabwe,1.0,t
6366,22632,100%,Togo,1.0,f
6369,30031,100%,Turks and Caicos Islands,2.0,t
6370,5215,,Cocos (Keeling) Islands,1.0,f
6376,46857,100%,Marshall Islands,1.0,t
6378,45982,100%,,1.0,f
6383,14250,,Marshall Islands,3.0,t
6385,19749,100%,Denmark,6.0,t
6387,11475,100%,Papua New Guinea,4.0,f
6393,40687,,Russian Federation,1.0,f
6399,32214,0%,Indonesia,1.0,f
6404,47535,,Lebanon,1.0,t
6405,10130,100%,Maldives,1.0,f
6408,41381,100%,Niue,1.0,f
6413,36215,100%,Rwanda,1.0,f
6414,24930,50%,,1.0,f
6422,32834,100%,Faroe Islands,2.0,f
6423,27755,100%,France,1.0,f
6424,40706,100%,,2.0,f
6428,11169,,Tonga,3.0,t
6429,8671,0%,Costa Rica,1.0,f
6431,41724,,Bouvet Island (Bouvetoya),2.0,f
6435,30658,100%,United Kingdom,2.0,f
6440,31913,100%,China,1.0,t
6443,7255,100%,Bouvet Island (Bouvetoya),8.0,t
6448,13660,,Reunion,1.0,f
6453,38769,100%,Russian Federation,1.0,t
6455,36593,100%,,1.0,f
6458,24626,100%,Cocos (Keeling) Islands,3.0,f
6460,22248,,Malta,1.0,t
6461,21352,,,1.0,f
6463,19991,,China,1.0,f
6465,37231,100%,Russian Federation,1.0,f
6466,9185,89%,Saint Helena,1.0,f
6469,22600,83%,Malta,2.0,f
6472,43527,,France,1.0,f
6475,22741,,United Kingdom,1.0,f
6476,13884,,,2.0,f
6483,19395,,Isle of Man,1.0,f
6486,11251,100%,Libyan Arab Jamahiriya,2.0,f
6488,18016,100%,Somalia,1.0,t
6489,2013,,Faroe Islands,1.0,t
6499,22916,,Isle of Man,1.0,f
6501,45170,100%,Lebanon,1.0,t
6505,2263,100%,Guinea,1.0,f
6506,7222,100%,,2.0,f
6507,19904,100%,Kiribati,1.0,t
6509,5194,,Sao Tome and Principe,2.0,f
6512,20354,100%,Kiribati,1.0,f
6515,36116,,Lebanon,2.0,f
6516,12129,,,1.0,f
6526,34219,20%,Zimbabwe,3.0,f
6527,27351,,Gambia,1.0,t
6533,41843,,Lebanon,1.0,f
6539,21222,,Isle of Man,1.0,f
6541,43537,50%,Costa Rica,1.0,t
6542,24988,,,1.0,t
6547,38047,90%,,2.0,f
6551,39421,,,1.0,f
6552,26914,50%,Anguilla,1.0,f
6554,37788,,,1.0,f
6556,26373,100%,Lithuania,1.0,f
6561,16898,,Kiribati,1.0,f
6563,30751,,,1.0,f
6565,48869,100%,Slovakia (Slovak Republic),22.0,f
6571,8494,,,2.0,f
6578,31125,,Denmark,1.0,f
6582,29035,,Nicaragua,2.0,f
6584,45321,100%,Brazil,2.0,f
6587,43642,90%,Denmark,6.0,f
6589,14382,89%,Switzerland,1.0,f
6590,47539,100%,Tunisia,1.0,f
6599,2710,40%,,1.0,f
6601,47497,100%,Micronesia,1.0,f
6603,4272,,Greenland,1.0,f
6607,11927,,Guinea,1.0,f
6609,22961,100%,Niger,1.0,f
6613,35999,100%,Mauritania,3.0,t
6615,24568,100%,Brazil,1.0,f
6618,12999,100%,Micronesia,1.0,f
6622,24040,,Rwanda,1.0,f
6625,33740,100%,,1.0,f
6626,34975,,Netherlands,1.0,f
6636,20165,94%,Ukraine,30.0,f
6638,21467,,Denmark,1.0,f
6641,48843,100%,,1.0,f
6642,44787,,,1.0,f
6652,39535,100%,,1.0,f
6653,1502,100%,Uzbekistan,1.0,f
6654,27234,,Niue,1.0,f
6655,47186,100%,Faroe Islands,2.0,f
6657,15943,100%,Puerto Rico,2.0,f
6661,23552,,Turks and Caicos Islands,1.0,f
6662,48785,100%,,2.0,t
6663,682,,Togo,1.0,f
6669,17210,100%,Maldives,2.0,f
6670,44462,100%,Russian Federation,1.0,f
6673,3173,,Wallis and Futuna,1.0,t
6675,10370,100%,Russian Federation,2.0,f
6676,3483,100%,Micronesia,4.0,t
6677,41791,100%,Tunisia,1.0,t
6684,14334,90%,Tunisia,1.0,t
6691,14072,70%,Micronesia,1.0,f
6692,40750,90%,Brazil,1.0,f
6697,5834,100%,Marshall Islands,2.0,f
6699,16549,100%,Costa Rica,1.0,f
6709,8129,100%,Rwanda,5.0,f
6716,17413,100%,Isle of Man,2.0,t
6721,11913,100%,Gambia,5.0,f
6723,33150,100%,Malta,1.0,f
6732,12516,,,1.0,t
6738,4396,100%,,1.0,f
6743,16176,100%,Christmas Island,1.0,f
6748,22487,100%,Kenya,1.0,f
6749,5846,,,1.0,f
6758,20958,100%,,1.0,f
6761,11038,,Lebanon,2.0,t
6763,49414,100%,Tanzania,1.0,f
6765,15340,100%,Slovakia (Slovak Republic),1.0,f
6771,328,,Estonia,2.0,f
6776,23227,,Isle of Man,1.0,t
6781,37215,100%,Indonesia,4.0,t
6785,40695,,Niue,1.0,t
6787,47811,100%,Vietnam,2.0,f
6791,13845,,Ghana,1.0,t
6794,33406,100%,Reunion,4.0,f
6797,39684,,Svalbard & Jan Mayen Islands,2.0,f
6799,17321,,Sao Tome and Principe,1.0,f
6802,16468,,Greenland,1.0,f
6804,14233,,Malawi,3.0,t
6806,15707,100%,Vietnam,4.0,f
6819,20557,75%,,1.0,t
6823,4515,100%,Gambia,2.0,f
6833,12164,100%,Nicaragua,8.0,f
6839,19097,100%,Russian Federation,2.0,f
6845,43008,98%,Costa Rica,5.0,f
6847,29707,67%,Gambia,1.0,f
6848,18049,,Moldova,1.0,t
6855,7333,100%,Russian Federation,1.0,f
6859,14748,80%,Nicaragua,1.0,f
6864,32499,100%,Niue,1.0,f
6866,30334,,,1.0,f
6870,43690,,,1.0,f
6875,14470,100%,Nicaragua,1.0,f
6880,19790,50%,Niue,1.0,f
6888,6632,100%,Micronesia,3.0,f
6889,13027,60%,Saint Helena,1.0,f
6892,18694,100%,Chad,1.0,t
6894,14318,95%,China,2.0,f
6895,6564,,Uganda,9.0,f
6896,35881,,Kenya,1.0,f
6897,24026,98%,Cape Verde,69.0,t
6898,32362,100%,Marshall Islands,4.0,t
6902,9801,100%,Niger,1.0,f
6908,16662,,,1.0,t
6913,26100,,Jersey,1.0,f
6916,29171,100%,Mauritania,1.0,f
6920,8931,,,1.0,t
6921,12379,100%,Estonia,1.0,f
6930,21910,,Chad,2.0,f
6936,48806,100%,Togo,1.0,f
6937,22355,100%,Malta,1.0,f
6938,9395,,Guernsey,4.0,f
6944,5506,,Ghana,1.0,f
6956,13679,100%,,1.0,f
6957,19454,,,1.0,f
6966,22720,92%,Nicaragua,1.0,f
6972,8800,100%,,3.0,f
6975,31748,100%,Lithuania,1.0,t
6978,30526,100%,Canada,3.0,t
6979,14676,,Niue,1.0,f
6980,33200,,China,1.0,f
6981,47746,,Niue,1.0,f
6985,19943,63%,Isle of Man,34.0,f
6987,42698,,Niger,1.0,f
6991,30838,,,1.0,f
6996,4558,30%,,3.0,f
6997,31907,100%,Tonga,1.0,t
6998,15697,80%,Finland,1.0,t
6999,29828,,,1.0,f
7001,20072,,Jersey,1.0,f
7004,1304,100%,Montserrat,2.0,f
7008,35968,,,2.0,f
7009,31718,100%,France,6.0,f
7011,29226,100%,Russian Federation,1.0,f
7013,34335,100%,Jersey,2.0,t
7020,16790,100%,Vanuatu,1.0,f
7021,4124,,,2.0,f
7024,39990,100%,,1.0,f
7032,36312,100%,Bouvet Island (Bouvetoya),1.0,f
7045,20060,,Guernsey,5.0,t
7047,38182,100%,Kiribati,4.0,f
7050,13212,100%,Zimbabwe,12.0,t
7051,1920,67%,Sao Tome and Principe,1.0,f
7055,26207,100%,,2.0,t
7057,21039,100%,Vanuatu,1.0,f
7060,35063,100%,,2.0,t
7062,41323,,Gibraltar,1.0,f
7063,16341,90%,France,1.0,t
7071,31938,100%,Venezuela,1.0,f
7072,25799,100%,Uzbekistan,5.0,t
7073,858,,,1.0,t
7074,25879,,,1.0,f
7075,31771,100%,Guinea,1.0,f
7080,24070,,Nauru,1.0,f
7086,1947,100%,Micronesia,1.0,f
7090,37899,,,2.0,f
7093,3865,,Bouvet Island (Bouvetoya),1.0,f
7099,13916,,Guinea,1.0,f
7102,37771,,Costa Rica,1.0,f
7105,1261,100%,Malawi,3.0,t
7107,45226,100%,Venezuela,2.0,t
7109,7633,100%,,2.0,f
7110,46872,100%,Nicaragua,9.0,f
7113,47069,100%,France,1.0,f
7115,24912,100%,Sao Tome and Principe,5.0,f
7122,18296,100%,,1.0,t
7124,5806,90%,Niue,2.0,f
7126,45795,75%,Denmark,1.0,f
7128,29087,100%,,1.0,f
7130,8752,100%,,2.0,f
7135,48460,,Reunion,2.0,t
7137,12127,,Zimbabwe,1.0,f
7138,39455,100%,Vietnam,1.0,f
7141,10126,,Malta,1.0,f
7143,18872,100%,Uzbekistan,2.0,t
7145,22528,,,1.0,t
7146,19619,,Nicaragua,2.0,f
7148,40972,100%,Micronesia,1.0,f
7150,23924,,,1.0,f
7154,43609,,Niue,1.0,f
7156,8703,90%,Andorra,1.0,f
7157,30935,,France,1.0,f
7159,41,100%,Portugal,2.0,f
7160,19188,,Mauritania,1.0,f
7163,37211,,Ghana,2.0,f
7165,49533,50%,,1.0,t
7166,45254,,Papua New Guinea,1.0,f
7168,696,,,1.0,f
7169,40792,100%,,1.0,f
7170,5935,,Maldives,1.0,t
7174,17977,67%,Puerto Rico,1.0,f
7175,36829,,Puerto Rico,1.0,f
7178,12654,,Lebanon,1.0,f
7180,26936,100%,Togo,2.0,f
7181,15642,,Brazil,3.0,f
7183,8409,98%,Maldives,9.0,f
7184,36270,100%,Maldives,2.0,f
7189,13437,100%,Jersey,1.0,f
7190,11907,100%,Uzbekistan,1.0,f
7194,42067,,,1.0,f
7196,32747,60%,Malawi,1.0,f
7197,28569,100%,Marshall Islands,1.0,f
7201,34248,100%,Guinea,1.0,f
7206,9592,90%,Jersey,1.0,f
7207,42769,,Malta,1.0,f
7209,36130,,,1.0,t
7210,6499,100%,,1.0,f
7211,9805,,,1.0,f
7224,29717,100%,Kiribati,3.0,f
7225,49771,100%,Turks and Caicos Islands,4.0,f
7228,48067,100%,Indonesia,1.0,f
7231,23875,63%,Chad,1.0,f
7233,45955,100%,Senegal,1.0,f
7234,28515,100%,Lebanon,1.0,t
7235,34724,100%,Gibraltar,1.0,f
7237,20587,100%,Brazil,1.0,f
7252,40453,100%,French Guiana,1.0,f
7260,12791,,Niue,1.0,t
7263,32309,,,1.0,f
7265,4661,,,1.0,t
7266,11809,100%,Russian Federation,1.0,f
7268,18909,100%,,2.0,t
7272,31114,100%,,2.0,t
7276,29903,,Holy See (Vatican City State),1.0,t
7282,46523,90%,Guinea,2.0,t
7283,919,60%,,1.0,f
7289,16614,100%,Kiribati,1.0,f
7290,3212,100%,,1.0,f
7291,6048,100%,Tonga,1.0,f
7292,44205,100%,Sao Tome and Principe,2.0,f
7297,41436,100%,Russian Federation,1.0,f
7298,38928,59%,,2.0,t
7299,48359,,Niger,2.0,f
7303,3272,,,1.0,t
7311,44061,100%,,1.0,f
7313,31765,100%,Estonia,1.0,f
7320,11744,100%,Kenya,4.0,f
7326,8581,100%,,1.0,f
7331,29079,,Estonia,2.0,f
7335,32770,,,3.0,t
7337,19259,,,3.0,f
7338,42025,100%,France,1.0,f
7350,31364,,,1.0,f
7358,32182,,Costa Rica,1.0,f
7359,26285,94%,Senegal,9.0,f
7362,47894,100%,Turks and Caicos Islands,3.0,f
7371,33232,,Russian Federation,1.0,f
7373,45793,100%,Niue,5.0,t
7379,13893,,Afghanistan,1.0,t
7382,45052,,France,1.0,t
7384,41757,100%,Malta,5.0,f
7385,49525,,Estonia,4.0,f
7386,14492,100%,,1.0,f
7387,11149,100%,Ecuador,1.0,t
7390,37877,,Tanzania,1.0,f
7395,1168,80%,,1.0,f
7405,7158,,,2.0,f
7410,24390,100%,Lithuania,1.0,f
7414,34643,,Montserrat,1.0,f
7415,40615,,El Salvador,1.0,f
7422,48791,97%,Uzbekistan,5.0,t
7425,43999,100%,Niue,1.0,f
7429,31134,100%,Maldives,2.0,t
7430,45491,100%,France,1.0,f
7432,32464,,Bouvet Island (Bouvetoya),1.0,f
7434,44625,100%,Russian Federation,2.0,f
7437,20889,100%,Isle of Man,2.0,f
7438,568,,Micronesia,1.0,f
7439,44248,100%,,1.0,f
7441,11993,,Isle of Man,1.0,f
7444,33823,78%,France,17.0,t
7445,15001,,Micronesia,1.0,f
7448,43722,,,1.0,t
7449,32273,100%,Kenya,1.0,f
7451,31127,,Lebanon,1.0,t
7452,49357,100%,Micronesia,2.0,f
7458,18205,100%,Cuba,21.0,f
7461,18286,100%,,1.0,t
7462,19880,100%,Greenland,1.0,f
7466,34763,100%,Russian Federation,4.0,f
7467,6114,,Nauru,1.0,f
7472,17807,90%,,1.0,f
7473,15938,90%,,2.0,f
7476,38501,94%,Uzbekistan,2.0,f
7477,17101,100%,Croatia,1.0,t
7480,3771,100%,,3.0,f
7487,19236,100%,,1.0,f
7488,27056,100%,Kenya,4.0,f
7490,40012,100%,Mexico,1.0,f
7491,36459,,China,1.0,f
7492,12020,100%,Congo,4.0,t
7494,46422,,,1.0,t
7501,32097,100%,Denmark,5.0,f
7504,42096,100%,Senegal,1.0,f
7505,49300,100%,Uzbekistan,1.0,f
7509,15542,,Denmark,1.0,f
7513,25174,,Bosnia and Herzegovina,1.0,f
7518,31311,100%,,1.0,f
7523,46802,,,1.0,f
7527,41537,100%,Indonesia,2.0,f
7530,21240,94%,Niger,130.0,f
7536,12344,100%,,1.0,f
7538,18248,100%,Slovakia (Slovak Republic),2.0,f
7546,32025,100%,Costa Rica,1.0,f
7551,27045,,,1.0,f
7552,9772,100%,Marshall Islands,3.0,t
7554,8707,73%,Rwanda,21.0,t
7557,30196,,Marshall Islands,1.0,f
7561,22971,100%,Afghanistan,1.0,f
7565,33623,100%,Nicaragua,1.0,f
7568,41379,100%,France,2.0,t
7572,33160,90%,,1.0,t
7573,34813,,,1.0,f
7577,34057,100%,Lebanon,1.0,f
7578,24913,,El Salvador,1.0,f
7586,17218,,Nauru,2.0,f
7588,16732,100%,,1.0,f
7589,19200,,Niue,1.0,f
7592,19298,89%,Croatia,2.0,f
7594,39046,,Jersey,1.0,f
7599,18629,100%,Sao Tome and Principe,3.0,f
7604,34400,100%,,1.0,t
7613,14634,100%,,1.0,f
7615,23046,,Zimbabwe,1.0,f
7620,46391,,,1.0,f
7621,22686,100%,French Polynesia,1.0,t
7622,40488,50%,,1.0,f
7631,34966,100%,Vanuatu,1.0,f
7632,44088,,Costa Rica,2.0,f
7638,48260,,Bouvet Island (Bouvetoya),1.0,f
7640,14108,100%,Gambia,1.0,f
7641,215,100%,Niue,1.0,f
7642,38179,100%,Netherlands,1.0,f
7643,11107,100%,Tanzania,1.0,f
7644,4575,100%,Pakistan,3.0,f
7646,10182,100%,,2.0,f
7652,21501,100%,Sao Tome and Principe,1.0,f
7656,37372,,Niue,1.0,f
7657,49196,100%,,2.0,f
7661,38593,100%,Tonga,1.0,f
7662,38085,,Rwanda,1.0,f
7664,29841,100%,,1.0,f
7667,28954,100%,Rwanda,4.0,f
7669,48316,100%,Peru,1.0,f
7670,29090,100%,France,1.0,f
7672,9331,100%,Suriname,2.0,f
7676,16414,,,19.0,f
7681,21815,,Kenya,1.0,t
7683,47912,100%,Tonga,1.0,f
7684,21436,0%,Denmark,1.0,f
7691,31416,100%,,2.0,f
7695,28315,,Puerto Rico,1.0,f
7704,32810,100%,Russian Federation,2.0,t
7712,13941,,Turks and Caicos Islands,1.0,t
7714,3392,,Vanuatu,1.0,f
7716,15567,100%,Slovakia (Slovak Republic),4.0,f
7718,37597,0%,Nicaragua,1.0,f
7720,36574,100%,Russian Federation,4.0,f
7722,21539,,Sao Tome and Principe,1.0,t
7724,29182,,Guinea,1.0,f
7729,38979,100%,Nicaragua,1.0,f
7734,40829,,Rwanda,2.0,f
7746,37523,68%,,3.0,f
7748,49987,100%,,19.0,f
7761,11679,100%,,2.0,f
7779,14810,100%,Kiribati,1.0,f
7785,43086,100%,Monaco,1.0,t
7788,30470,,Niger,1.0,f
7789,2182,,,1.0,f
7791,36768,100%,Guinea,2.0,f
7796,29123,100%,Zimbabwe,16.0,t
7798,24118,98%,Ghana,21.0,t
7801,43510,,Chad,2.0,f
7804,17815,80%,Ghana,3.0,f
7808,31754,33%,,1.0,f
7811,34613,,France,1.0,f
7814,13732,100%,Maldives,1.0,f
7815,3066,,Djibouti,1.0,f
7817,38919,100%,,1.0,f
7821,34440,,Niue,1.0,f
7827,26858,,,1.0,f
7833,9768,,,3.0,f
7834,41622,,Puerto Rico,1.0,f
7839,15406,80%,Guinea,1.0,f
7841,37546,100%,Rwanda,3.0,f
7843,36595,100%,Netherlands Antilles,2.0,f
7848,36741,100%,Papua New Guinea,1.0,f
7849,31994,,Mexico,1.0,f
7852,13856,60%,Afghanistan,2.0,f
7856,16679,100%,Kenya,2.0,f
7858,44107,100%,,1.0,t
7862,18256,100%,,1.0,f
7866,47861,100%,Montserrat,1.0,f
7867,40769,100%,Nicaragua,1.0,f
7872,11556,100%,Gibraltar,2.0,f
7875,37358,0%,Uzbekistan,1.0,f
7877,30237,80%,,1.0,f
7878,38587,,,1.0,t
7881,5965,100%,,1.0,f
7885,28299,100%,Mexico,1.0,f
7890,35071,100%,,1.0,f
7891,12848,100%,Denmark,2.0,f
7897,48819,95%,Pakistan,6.0,f
7900,24565,100%,Anguilla,4.0,f
7901,48339,100%,Slovakia (Slovak Republic),2.0,f
7902,49103,80%,Rwanda,5.0,f
7904,49579,90%,Marshall Islands,2.0,t
7907,29823,90%,Togo,3.0,f
7913,32729,90%,Indonesia,1.0,f
7919,41604,100%,Tonga,4.0,f
7920,19058,100%,Mauritania,1.0,f
7922,44339,100%,Mexico,1.0,f
7923,2414,100%,Greenland,1.0,f
7926,2548,97%,Marshall Islands,3.0,f
7927,14544,100%,,1.0,f
7929,12932,100%,,2.0,t
7931,17954,100%,Niue,1.0,f
7932,9341,100%,Russian Federation,1.0,f
7933,46637,78%,Uganda,1.0,f
7934,28714,100%,Monaco,1.0,t
7936,8286,,,1.0,f
7942,37416,,,1.0,t
7943,7327,100%,Isle of Man,1.0,f
7944,34073,,,1.0,f
7947,1808,,Chad,2.0,t
7948,40702,80%,Niue,2.0,t
7949,49150,100%,United Kingdom,2.0,t
7954,18891,80%,,1.0,f
7955,34279,0%,,1.0,f
7957,6645,100%,,1.0,f
7959,21806,89%,,1.0,f
7960,34022,50%,Togo,1.0,f
7963,30123,100%,,2.0,f
7965,31300,100%,,1.0,f
7967,47045,100%,Uganda,2.0,t
7970,32507,100%,,1.0,f
7971,17256,,,1.0,f
7972,5135,100%,Niue,1.0,f
7978,35250,100%,Togo,1.0,f
7981,12491,100%,Pakistan,3.0,f
7983,5007,13%,Jersey,1.0,t
7984,13402,100%,Tanzania,1.0,f
7985,35500,100%,Niue,1.0,f
7989,23179,90%,Denmark,1.0,f
7991,150,,Marshall Islands,2.0,f
7992,14234,100%,,1.0,f
7993,47658,100%,Micronesia,3.0,f
7994,19469,100%,Russian Federation,1.0,f
7997,42894,0%,Niue,1.0,f
7999,23104,,Malta,1.0,t
8000,22776,,Micronesia,1.0,t
8002,3524,100%,Ghana,5.0,f
8004,1207,100%,Nicaragua,7.0,f
8007,24654,,,1.0,t
8013,2889,100%,Uganda,1.0,t
8014,19705,100%,,1.0,f
8016,23503,100%,Marshall Islands,1.0,f
8019,23580,60%,,1.0,f
8022,29546,100%,French Polynesia,1.0,f
8023,10682,100%,Isle of Man,1.0,f
8026,41342,100%,,2.0,f
8029,38493,,Uzbekistan,12.0,f
8032,38972,78%,Tunisia,1.0,f
8033,30945,,Niue,1.0,f
8037,49843,100%,,1.0,f
8040,9234,100%,Sao Tome and Principe,1.0,f
8044,3884,70%,Tanzania,1.0,f
8045,7924,60%,,1.0,t
8046,31411,100%,Denmark,1.0,f
8048,47381,,Indonesia,3.0,f
8049,6594,100%,Cuba,2.0,t
8051,12862,100%,United Kingdom,1.0,f
8053,35123,100%,Chile,1.0,f
8054,25168,100%,Chile,1.0,t
8062,41837,100%,Brazil,2.0,t
8065,35735,,Rwanda,1.0,f
8067,4442,,Turks and Caicos Islands,1.0,f
8068,41148,100%,Cape Verde,1.0,f
8074,35229,88%,Marshall Islands,1.0,f
8081,34039,100%,Brazil,1.0,f
8084,10514,,Gambia,1.0,f
8095,18454,100%,Nicaragua,5.0,t
8096,18979,100%,Tonga,6.0,t
8097,22349,0%,Monaco,1.0,f
8108,14069,100%,Mauritania,1.0,t
8113,19785,,Kenya,4.0,f
8115,2854,100%,Venezuela,1.0,f
8117,20461,,Russian Federation,1.0,f
8120,8085,,,1.0,f
8121,21298,100%,Uzbekistan,2.0,f
8123,38282,,Tonga,5.0,f
8125,42954,100%,Finland,1.0,f
8126,1215,100%,Sao Tome and Principe,1.0,f
8128,38404,0%,Zimbabwe,1.0,f
8131,1162,,,2.0,f
8133,46895,,Turks and Caicos Islands,1.0,f
8134,41332,100%,,4.0,f
8136,25665,,,1.0,f
8140,117,,Tonga,1.0,t
8144,32001,100%,Svalbard & Jan Mayen Islands,2.0,t
8145,40841,100%,Micronesia,1.0,f
8150,1433,,Rwanda,1.0,f
8151,32194,,China,1.0,f
8153,27293,75%,Maldives,1.0,f
8155,20868,100%,Montserrat,2.0,t
8158,5040,100%,Kenya,1.0,f
8163,9177,,Maldives,1.0,f
8166,3637,80%,,2.0,f
8168,21385,100%,Cuba,10.0,f
8169,20420,0%,Jersey,1.0,t
8176,7318,100%,Niger,2.0,f
8181,46049,100%,El Salvador,2.0,f
8183,29566,,French Polynesia,1.0,f
8186,8110,,Papua New Guinea,1.0,f
8187,34759,,United Kingdom,1.0,f
8195,33430,100%,Monaco,2.0,f
8196,37483,100%,Gibraltar,3.0,f
8203,26398,,,1.0,f
8205,21153,,Micronesia,1.0,f
8206,34772,,Congo,1.0,f
8208,17529,100%,Turkmenistan,1.0,f
8210,21607,90%,France,3.0,t
8213,48554,100%,Gibraltar,1.0,f
8221,10357,100%,Indonesia,1.0,t
8225,35854,100%,Mexico,1.0,f
8226,23158,100%,,1.0,f
8229,5572,90%,,1.0,f
8232,45090,100%,,1.0,f
8234,27399,100%,,4.0,f
8243,30806,70%,Guernsey,1.0,f
8244,20203,,,1.0,f
8246,45122,100%,,1.0,t
8251,10035,100%,Tonga,2.0,f
8256,32539,90%,,1.0,f
8268,35036,100%,Anguilla,1.0,f
8271,13019,100%,,1.0,f
8272,14955,100%,Micronesia,1.0,t
8274,10495,,Brazil,1.0,f
8276,29330,,El Salvador,2.0,t
8283,12057,,Sao Tome and Principe,2.0,f
8289,6223,100%,Marshall Islands,12.0,f
8290,7852,100%,Faroe Islands,1.0,f
8291,27655,,Monaco,1.0,f
8292,40940,100%,Malta,2.0,f
8296,37574,100%,Zimbabwe,2.0,t
8297,7570,100%,Uzbekistan,3.0,f
8302,43688,100%,,1.0,f
8305,32948,100%,Croatia,1.0,t
8308,42966,100%,Zimbabwe,1.0,t
8309,8347,100%,,1.0,f
8310,17758,80%,,1.0,f
8314,45897,,Cook Islands,1.0,t
8315,34687,100%,,2.0,f
8317,12045,100%,,2.0,t
8320,15496,50%,,1.0,t
8321,42843,100%,,1.0,f
8322,36930,100%,Sao Tome and Principe,1.0,t
8325,3238,100%,,1.0,t
8328,12117,100%,Monaco,1.0,f
8329,13105,100%,Anguilla,2.0,f
8331,45770,,,1.0,f
8335,12593,100%,Reunion,2.0,f
8336,636,97%,Vanuatu,3.0,f
8342,10058,100%,Nicaragua,1.0,f
8345,4794,100%,Marshall Islands,1.0,f
8347,4660,,Gambia,1.0,f
8348,17294,,,1.0,f
8349,7868,100%,Marshall Islands,1.0,f
8351,48601,,,3.0,f
8353,23266,,Lebanon,1.0,f
8355,11296,100%,Micronesia,1.0,f
8360,4068,100%,Togo,1.0,f
8361,6010,100%,Isle of Man,1.0,t
8362,46879,100%,Netherlands,1.0,f
8375,42097,100%,Kenya,1.0,f
8377,28156,100%,Lebanon,2.0,f
8379,5890,,China,1.0,f
8381,10836,,Croatia,1.0,t
8384,10158,100%,Ukraine,6.0,t
8389,25177,100%,Costa Rica,2.0,t
8392,15968,100%,,1.0,f
8394,27094,,,1.0,f
8399,1968,100%,,1.0,t
8405,5359,,Moldova,1.0,f
8406,8749,100%,Niue,1.0,f
8409,6312,100%,Kenya,1.0,f
8410,21987,,,1.0,f
8419,3032,75%,Andorra,1.0,f
8421,32089,100%,Cuba,1.0,f
8427,35205,100%,Uzbekistan,1.0,f
8429,47252,,Afghanistan,2.0,f
8436,32079,,Suriname,1.0,f
8438,30209,100%,,1.0,f
8439,47665,,Kenya,4.0,t
8440,10491,,Guinea,2.0,t
8454,37222,,,1.0,f
8460,49943,100%,,1.0,f
8461,7184,77%,Reunion,13.0,f
8462,17159,100%,,1.0,f
8463,44877,75%,Tunisia,1.0,t
8469,25484,100%,,1.0,f
8470,7890,,Micronesia,1.0,f
8475,13277,100%,Rwanda,2.0,t
8476,9756,,Greenland,1.0,f
8477,16780,,,1.0,f
8478,8643,,Cocos (Keeling) Islands,1.0,f
8479,10143,100%,Sao Tome and Principe,2.0,f
8484,16942,100%,Uganda,2.0,f
8485,10278,,China,1.0,f
8487,14622,,Isle of Man,1.0,t
8489,42466,100%,Wallis and Futuna,1.0,t
8493,10005,,Turkmenistan,1.0,t
8494,15600,0%,Marshall Islands,1.0,f
8508,11220,,Cape Verde,1.0,f
8513,28051,100%,Marshall Islands,1.0,f
8519,29699,90%,Zimbabwe,1.0,f
8520,48502,100%,Nicaragua,11.0,t
8525,46017,75%,,1.0,f
8526,4972,100%,,1.0,t
8527,23000,90%,,4.0,f
8528,32556,90%,Estonia,11.0,t
8530,7109,100%,Malta,1.0,f
8533,10207,100%,Anguilla,1.0,t
8534,35640,100%,Uganda,3.0,f
8537,34831,100%,Denmark,2.0,f
8538,17921,100%,Cuba,1.0,t
8539,4267,100%,Senegal,22.0,t
8542,6801,100%,Kiribati,2.0,f
8545,24918,100%,Micronesia,1.0,f
8546,38741,,France,1.0,f
8547,13101,100%,Jersey,1.0,t
8550,47853,,,2.0,t
8552,23938,100%,Guernsey,1.0,f
8557,20520,83%,,1.0,f
8558,19842,85%,Turkmenistan,53.0,f
8559,25352,100%,Monaco,3.0,t
8568,35246,100%,,2.0,f
8570,4991,,,1.0,f
8572,9734,,Togo,1.0,f
8574,24844,100%,Uzbekistan,6.0,f
8582,24853,100%,,1.0,f
8585,13042,100%,Costa Rica,5.0,f
8586,8029,100%,Djibouti,1.0,f
8588,9922,100%,Papua New Guinea,1.0,f
8594,39014,33%,Nicaragua,1.0,f
8599,28087,,Rwanda,1.0,f
8602,6266,100%,,4.0,f
8604,10215,100%,,1.0,f
8605,42539,,Faroe Islands,1.0,f
8613,38723,100%,Bosnia and Herzegovina,1.0,f
8614,13553,93%,Vietnam,5.0,f
8619,38618,100%,Guernsey,1.0,t
8621,22930,,Nicaragua,1.0,f
8625,4239,,,1.0,f
8626,1300,100%,Micronesia,1.0,f
8628,33113,100%,,2.0,t
8629,44115,,Isle of Man,1.0,f
8632,17589,80%,,1.0,f
8637,39807,50%,Ecuador,1.0,f
8644,22492,60%,Kiribati,2.0,f
8645,42286,94%,Vietnam,9.0,t
8650,40202,100%,,2.0,f
8652,44291,,Kiribati,1.0,f
8653,41972,,,1.0,t
8663,15837,100%,,1.0,t
8669,28316,100%,,2.0,f
8671,35914,100%,China,1.0,t
8676,10336,,,1.0,t
8678,35104,100%,Switzerland,2.0,f
8682,32380,,,1.0,f
8683,34981,,Turks and Caicos Islands,3.0,f
8684,28965,90%,Pakistan,2.0,f
8694,17881,100%,,1.0,t
8695,26767,87%,,2.0,f
8700,40927,100%,Micronesia,3.0,f
8701,20943,100%,Jersey,2.0,f
8704,47552,,China,1.0,f
8706,43277,,Sao Tome and Principe,1.0,f
8708,48748,,Micronesia,1.0,t
8711,16425,,Guinea,1.0,f
8713,21330,,Zimbabwe,1.0,t
8715,44970,91%,Russian Federation,1.0,f
8720,45814,,Monaco,1.0,f
8721,48475,100%,Lebanon,1.0,f
8726,47549,100%,,1.0,f
8728,25770,,Micronesia,1.0,f
8730,20561,,,1.0,f
8732,18710,,Costa Rica,1.0,f
8748,34410,100%,Maldives,1.0,f
8752,10961,100%,Guinea,1.0,f
8753,35574,100%,,1.0,f
8758,28588,,,1.0,t
8764,22359,100%,,3.0,f
8767,33518,100%,France,1.0,f
8768,4005,100%,French Guiana,2.0,f
8771,45099,,Mexico,1.0,f
8774,19390,,Nicaragua,1.0,f
8779,23874,100%,Denmark,1.0,f
8780,2730,,,1.0,f
8782,42478,,Costa Rica,1.0,f
8783,773,100%,,1.0,f
8784,41856,100%,Maldives,13.0,t
8790,41254,100%,Niue,1.0,f
8791,49565,92%,Uganda,14.0,f
8793,48294,,Papua New Guinea,1.0,f
8795,35560,,Gambia,2.0,f
8796,8570,,Jersey,1.0,f
8799,2408,90%,,1.0,f
8803,14565,80%,Isle of Man,1.0,f
8816,35499,94%,Andorra,4.0,f
8817,23256,100%,,6.0,f
8821,44477,90%,Maldives,3.0,t
8827,29119,100%,Nicaragua,2.0,f
8829,46138,78%,Niger,1.0,f
8833,9892,,France,2.0,f
8846,36916,0%,Uzbekistan,1.0,f
8848,42158,100%,,15.0,f
8850,37303,,,1.0,f
8852,28830,100%,Lithuania,2.0,f
8854,16755,,France,1.0,f
8858,25597,,,5.0,f
8861,31937,100%,,1.0,f
8864,24135,70%,,1.0,f
8868,14635,,Monaco,1.0,f
8870,15728,100%,Lithuania,1.0,t
8872,13055,100%,,1.0,f
8878,23039,100%,,1.0,f
8879,28527,100%,Russian Federation,1.0,t
8880,39183,75%,,1.0,f
8884,8127,67%,Turks and Caicos Islands,1.0,f
8887,13179,77%,Marshall Islands,2.0,f
8888,18697,100%,Rwanda,8.0,f
8889,16162,100%,Svalbard & Jan Mayen Islands,2.0,t
8892,18886,95%,Vietnam,3.0,t
8896,7871,100%,Jersey,1.0,f
8897,30087,,Bahrain,1.0,f
8899,48160,,,1.0,f
8901,29022,100%,,1.0,f
8905,4633,100%,Benin,4.0,f
8907,2105,100%,Tonga,1.0,f
8910,2475,,,1.0,t
8911,48241,33%,Russian Federation,1.0,t
8912,35721,100%,,1.0,f
8914,38904,100%,,1.0,f
8915,47626,100%,,1.0,f
8918,19415,100%,France,2.0,f
8919,15540,100%,Russian Federation,1.0,f
8921,20250,100%,Brazil,2.0,t
8924,43472,,Korea,1.0,f
8928,6646,100%,,1.0,f
8930,32644,100%,Niue,1.0,f
8938,20244,100%,,1.0,t
8939,643,,,1.0,f
8942,455,100%,Uganda,5.0,f
8946,34720,,,1.0,t
8947,43090,,,1.0,t
8951,25315,100%,Uganda,2.0,t
8953,64,100%,Marshall Islands,1.0,f
8956,8665,100%,,1.0,f
8958,37869,100%,,2.0,f
8961,17322,95%,,30.0,f
8962,17523,100%,,1.0,f
8965,13854,100%,Portugal,1.0,f
8971,9905,,Zimbabwe,1.0,f
8974,28728,,,1.0,f
8975,3480,100%,United Kingdom,2.0,f
8977,8942,,,3.0,f
8987,2748,100%,Nicaragua,2.0,f
8988,20647,100%,,1.0,f
8991,48742,100%,Guinea,2.0,f
8999,46856,,Greenland,2.0,f
9001,784,,Marshall Islands,1.0,f
9008,4566,100%,French Guiana,1.0,f
9010,2818,,,1.0,t
9013,2479,100%,Isle of Man,1.0,f
9014,18999,100%,Chile,2.0,f
9015,29359,100%,Denmark,1.0,f
9020,1212,100%,Tonga,2.0,f
9023,10312,,,1.0,f
9041,15695,100%,Malawi,2.0,t
9044,16970,100%,,1.0,f
9045,16905,100%,Reunion,3.0,t
9046,44571,,,1.0,f
9057,33449,,,1.0,f
9060,6900,70%,,1.0,f
9062,3360,100%,United Kingdom,1.0,f
9063,8549,100%,Lebanon,1.0,t
9064,35852,100%,Russian Federation,1.0,f
9070,15860,100%,Maldives,11.0,f
9071,49837,,,1.0,f
9078,43062,100%,,2.0,t
9080,26411,100%,Niue,1.0,t
9084,41224,100%,Mauritania,3.0,t
9086,46754,,Montserrat,1.0,f
9091,5103,100%,,1.0,f
9092,36235,,Uzbekistan,1.0,f
9096,29060,,,2.0,f
9097,2246,0%,,1.0,f
9102,34054,100%,,4.0,f
9108,47990,88%,Venezuela,4.0,f
9109,17559,100%,Uruguay,1.0,f
9112,18758,,Russian Federation,1.0,t
9113,28426,100%,,1.0,f
9115,37368,100%,Niger,1.0,f
9116,2809,,,1.0,t
9117,44441,100%,United Kingdom,1.0,t
9118,27575,,,1.0,f
9119,2895,100%,France,1.0,f
9120,21548,43%,Brazil,1.0,f
9122,49858,100%,Estonia,1.0,f
9123,46188,100%,,1.0,f
9129,38873,100%,Mauritania,4.0,f
9130,5211,,Sao Tome and Principe,1.0,f
9131,18763,,Bosnia and Herzegovina,1.0,f
9134,17467,100%,Micronesia,1.0,f
9138,33640,100%,French Polynesia,1.0,f
9141,44338,100%,Peru,2.0,t
9143,16623,80%,Denmark,1.0,f
9146,38971,,,1.0,f
9150,46339,100%,Uzbekistan,1.0,t
9155,20151,,Marshall Islands,1.0,t
9156,17608,0%,,1.0,f
9157,49473,,,1.0,f
9158,1969,,Micronesia,1.0,f
9162,48626,,Turks and Caicos Islands,3.0,f
9163,39361,,Bosnia and Herzegovina,1.0,f
9169,35292,100%,,1.0,f
9170,18455,92%,,1.0,f
9175,40239,,Lebanon,1.0,t
9176,43350,100%,Isle of Man,2.0,t
9179,29680,88%,Faroe Islands,2.0,f
9184,31070,,Chile,1.0,f
9191,37341,,Pakistan,3.0,f
9193,17495,,,1.0,f
9197,48425,100%,,3.0,f
9198,19228,100%,Svalbard & Jan Mayen Islands,8.0,f
9207,27239,100%,,1.0,f
9210,16983,,,1.0,f
9211,21682,100%,United Kingdom,2.0,f
9212,10103,100%,Zimbabwe,1.0,f
9218,6140,100%,Marshall Islands,3.0,f
9224,19631,100%,,1.0,f
9226,11707,,,1.0,f
9238,37031,,Kenya,1.0,f
9245,45066,100%,Pakistan,1.0,f
9246,9476,,French Guiana,1.0,t
9248,39546,100%,,1.0,f
9250,12497,100%,,2.0,f
9253,3083,100%,,1.0,f
9257,35493,100%,French Guiana,1.0,t
9259,9873,100%,Kenya,1.0,f
9262,30414,,,2.0,f
9263,15214,,Maldives,1.0,t
9267,17847,100%,Anguilla,1.0,f
9269,4706,,Guinea,1.0,f
9271,40977,100%,Reunion,7.0,f
9274,10841,80%,,2.0,f
9278,39265,,Sao Tome and Principe,2.0,f
9280,48529,100%,Tonga,1.0,f
9286,17502,80%,Netherlands,1.0,f
9288,20650,100%,Uzbekistan,3.0,t
9290,32718,90%,,1.0,f
9291,1835,100%,Ecuador,8.0,f
9297,27601,100%,,1.0,f
9300,20633,,,1.0,f
9302,3367,,Faroe Islands,1.0,f
9303,31495,,Uzbekistan,1.0,f
9306,48549,100%,France,2.0,f
9310,18714,67%,French Guiana,1.0,f
9315,35659,,,1.0,f
9317,32735,100%,,2.0,f
9319,6711,100%,Spain,3.0,f
9322,37238,100%,,1.0,f
9325,49016,,,2.0,f
9326,6954,,Anguilla,2.0,f
9331,10691,,Chile,1.0,f
9334,42197,100%,,1.0,t
9335,9468,,,1.0,t
9337,18031,100%,Reunion,4.0,f
9338,25995,,Gambia,1.0,f
9347,33778,,China,1.0,f
9348,20204,,Argentina,2.0,f
9349,47945,,,2.0,f
9351,22326,,,1.0,t
9356,4852,,Rwanda,1.0,f
9357,22127,100%,United Kingdom,1.0,f
9362,28102,,,1.0,f
9367,34743,,French Guiana,1.0,f
9369,47065,,Cocos (Keeling) Islands,1.0,f
9371,42058,,Nicaragua,1.0,f
9373,34382,100%,Micronesia,2.0,f
9375,14699,67%,Turkmenistan,1.0,t
9380,37988,,Puerto Rico,1.0,f
9384,22855,100%,French Guiana,1.0,f
9393,56,100%,Kiribati,2.0,t
9395,14626,,Niue,1.0,f
9396,40725,,Gambia,1.0,f
9398,39812,100%,Nicaragua,6.0,t
9401,4168,,Monaco,2.0,t
9403,38098,100%,Zimbabwe,7.0,t
9407,31770,,,2.0,f
9409,19777,100%,French Guiana,1.0,f
9411,45191,100%,Montserrat,3.0,t
9414,3835,,,1.0,f
9415,35685,100%,Niue,1.0,f
9417,33494,100%,Papua New Guinea,1.0,f
9418,38698,100%,France,2.0,t
9419,26875,100%,Tanzania,1.0,f
9421,20727,100%,Russian Federation,4.0,t
9422,49133,100%,Reunion,3.0,t
9423,1711,100%,Jersey,1.0,f
9425,8515,,Isle of Man,1.0,f
9426,20371,,,1.0,f
9427,29780,,,1.0,t
9428,1169,,Guinea,3.0,f
9433,38277,100%,Guinea,1.0,f
9434,20208,,Croatia,1.0,t
9435,20385,,,1.0,f
9439,7436,,,1.0,t
9440,19682,100%,Faroe Islands,15.0,t
9441,38541,,,1.0,f
9442,776,100%,,1.0,t
9443,9131,100%,Gambia,5.0,f
9446,9915,,Brunei Darussalam,2.0,f
9449,38301,90%,Spain,2.0,f
9450,38406,96%,Russian Federation,6.0,t
9453,38013,100%,,1.0,f
9454,26878,80%,Monaco,2.0,t
9467,23275,,Micronesia,5.0,t
9476,34130,,,1.0,f
9479,27909,,Cocos (Keeling) Islands,1.0,f
9481,27265,100%,Togo,2.0,t
9483,2322,100%,Denmark,2.0,f
9486,13114,100%,Indonesia,1.0,f
9495,44669,33%,France,1.0,f
9496,44499,100%,,1.0,f
9497,24916,100%,,1.0,f
9499,38611,100%,,1.0,t
9500,43273,,Uzbekistan,1.0,f
9505,681,,Mauritania,1.0,t
9506,34096,100%,Andorra,10.0,f
9509,49504,100%,Guinea,2.0,f
9513,33634,,Guinea,1.0,f
9518,23281,100%,Isle of Man,1.0,t
9519,1992,,,1.0,f
9523,8583,90%,Venezuela,1.0,f
9529,29581,100%,Nicaragua,1.0,f
9534,27003,100%,,1.0,t
9537,33202,100%,,2.0,t
9545,22118,100%,Chad,1.0,t
9549,10265,100%,Micronesia,3.0,f
9552,40964,,,1.0,t
9554,36931,100%,Russian Federation,2.0,f
9557,5521,100%,,1.0,f
9562,14035,94%,Greenland,1.0,f
9566,22513,90%,Jersey,4.0,t
9567,3532,100%,Congo,1.0,f
9577,26129,,Russian Federation,1.0,f
9578,43100,100%,Rwanda,1.0,f
9580,12901,,Lebanon,1.0,f
9583,46644,100%,Finland,1.0,f
9585,12823,100%,Niue,2.0,f
9587,6354,,,1.0,f
9588,41153,100%,Guinea,9.0,f
9590,40263,,Nauru,3.0,f
9593,18362,100%,Uganda,5.0,f
9595,32324,100%,Zimbabwe,1.0,f
9598,21996,,,1.0,f
9601,20686,100%,Guernsey,1.0,f
9603,18528,96%,Anguilla,1.0,f
9611,43973,,,1.0,f
9613,19913,100%,,1.0,t
9615,16107,100%,Brazil,1.0,t
9618,17472,100%,Holy See (Vatican City State),2.0,t
9619,32155,,Uzbekistan,2.0,t
9621,36816,100%,Svalbard & Jan Mayen Islands,1.0,f
9624,21735,50%,Isle of Man,1.0,t
9626,3649,100%,Russian Federation,1.0,f
9632,33034,,Vietnam,1.0,f
9634,29523,100%,,1.0,f
9636,47817,100%,Saint Helena,2.0,f
9638,11403,80%,Barbados,3.0,f
9643,2571,60%,,1.0,f
9650,42589,100%,Turkmenistan,1.0,f
9654,1194,100%,Anguilla,1.0,f
9655,4057,100%,Rwanda,16.0,f
9658,35078,100%,Venezuela,1.0,f
9663,17174,100%,Mauritania,1.0,t
9664,35102,,Maldives,1.0,t
9668,2553,100%,Turks and Caicos Islands,3.0,f
9672,23472,80%,Gibraltar,1.0,f
9675,7967,100%,Venezuela,1.0,f
9678,49632,10%,Reunion,1.0,f
9681,8511,,,1.0,t
9683,41511,100%,,1.0,f
9695,45078,100%,Barbados,1.0,f
9696,23372,100%,Niger,5.0,t
9701,29424,100%,Sao Tome and Principe,1.0,f
9702,40338,100%,Niue,1.0,f
9704,14494,100%,Rwanda,3.0,f
9707,17416,88%,Turkmenistan,1.0,f
9711,40559,95%,Tonga,1.0,f
9713,16654,,,1.0,t
9721,28531,100%,Russian Federation,1.0,f
9725,48255,,Sao Tome and Principe,1.0,f
9726,18499,100%,Saint Helena,5.0,f
9731,49814,,Anguilla,1.0,f
9737,17350,,Faroe Islands,1.0,f
9744,36064,,Russian Federation,1.0,f
9748,28658,,,1.0,f
9750,48530,100%,Malta,1.0,t
9751,5938,100%,,3.0,f
9752,33394,100%,Bosnia and Herzegovina,2.0,t
9757,25628,100%,Estonia,1.0,f
9759,21438,100%,China,3.0,f
9769,38668,100%,Lithuania,1.0,t
9771,48113,100%,Marshall Islands,1.0,f
9775,45618,,French Polynesia,1.0,f
9780,20178,,Zimbabwe,1.0,f
9781,41539,,Puerto Rico,1.0,f
9783,20754,,China,13.0,f
9786,36292,100%,,1.0,f
9789,45931,,Niue,1.0,f
9791,23156,,,1.0,f
9794,29056,,,2.0,f
9798,584,,,1.0,f
9799,20835,100%,Gibraltar,3.0,f
9800,50051,100%,Netherlands,5.0,t
9801,24723,,Uzbekistan,1.0,f
9806,28771,,Greenland,1.0,f
9813,37023,,Faroe Islands,1.0,t
9815,35442,,Russian Federation,14.0,f
9816,42878,100%,Greenland,1.0,f
9825,37567,,Estonia,2.0,f
9827,49906,100%,,1.0,f
9829,42448,,Portugal,1.0,t
9833,32915,100%,Zimbabwe,1.0,t
9835,25472,100%,,1.0,f
9836,37362,100%,Niue,1.0,f
9841,35513,100%,United Kingdom,1.0,f
9844,23143,65%,Bouvet Island (Bouvetoya),14.0,f
9846,26695,,,1.0,f
9859,3653,100%,,1.0,t
9863,32101,100%,,1.0,f
9866,39953,,Maldives,1.0,t
9873,7381,100%,Micronesia,1.0,f
9874,5409,100%,Russian Federation,1.0,f
9879,35786,100%,Isle of Man,1.0,f
9885,45322,100%,,1.0,f
9886,29220,50%,Costa Rica,1.0,t
9899,23045,,,3.0,f
9906,24128,54%,Suriname,9.0,t
9910,15260,,Maldives,1.0,f
9913,22675,100%,Indonesia,1.0,f
9916,32176,,Bosnia and Herzegovina,1.0,f
9919,49148,,French Guiana,1.0,f
9925,43081,100%,Estonia,1.0,f
9926,6311,,Gambia,1.0,t
9929,15454,100%,Denmark,1.0,f
9930,17262,100%,Slovakia (Slovak Republic),1.0,f
9932,40910,100%,France,2.0,f
9936,45475,100%,Montserrat,2.0,f
9938,40296,100%,Ukraine,1.0,f
9941,35070,100%,,3.0,f
9943,485,80%,French Guiana,2.0,f
9945,5569,100%,Suriname,2.0,t
9946,34122,0%,,1.0,f
9949,19958,100%,Congo,40.0,t
9951,28794,100%,Denmark,1.0,f
9953,21422,,Gambia,1.0,f
9956,46881,100%,Andorra,1.0,f
9957,5128,100%,Tunisia,2.0,t
9959,10348,100%,Tunisia,1.0,f
9960,16973,100%,Lithuania,1.0,f
9969,4723,100%,,8.0,f
9971,39378,100%,Brazil,1.0,f
9972,43002,100%,Gambia,1.0,f
9974,45991,100%,Sao Tome and Principe,1.0,f
9975,16908,,Gibraltar,1.0,f
9977,35210,,China,1.0,t
9978,41277,,Niue,1.0,f
9983,36002,100%,Niue,1.0,f
9985,32641,,Tonga,1.0,f
9992,8678,100%,Saint Helena,2.0,t
9995,35585,,Bouvet Island (Bouvetoya),2.0,f
9996,26274,100%,Niue,1.0,f
9998,7724,100%,Uzbekistan,1.0,f
9999,14119,,Vanuatu,1.0,f
10000,21080,100%,Mexico,1.0,f
10001,46984,,Ecuador,1.0,f
10004,11222,100%,,1.0,f
10010,6957,,Rwanda,1.0,t
10011,7554,100%,,1105.0,f
10012,34243,95%,Uzbekistan,1.0,f
10013,12502,89%,Denmark,1.0,f
10014,20213,,Russian Federation,1.0,f
10015,2235,100%,Guinea,1.0,f
10018,16548,90%,,2.0,f
